-- phpMyAdmin SQL Dump
-- version 4.9.2
-- https://www.phpmyadmin.net/
--
-- Host: 127.0.0.1
-- Generation Time: Jun 18, 2020 at 10:32 AM
-- Server version: 10.4.10-MariaDB
-- PHP Version: 7.1.33

SET SQL_MODE = "NO_AUTO_VALUE_ON_ZERO";
SET AUTOCOMMIT = 0;
START TRANSACTION;
SET time_zone = "+00:00";


/*!40101 SET @OLD_CHARACTER_SET_CLIENT=@@CHARACTER_SET_CLIENT */;
/*!40101 SET @OLD_CHARACTER_SET_RESULTS=@@CHARACTER_SET_RESULTS */;
/*!40101 SET @OLD_COLLATION_CONNECTION=@@COLLATION_CONNECTION */;
/*!40101 SET NAMES utf8mb4 */;

--
-- Database: `conversation`
--

-- --------------------------------------------------------

--
-- Table structure for table `access_rights`
--

CREATE TABLE `access_rights` (
  `id` int(11) NOT NULL,
  `status` tinyint(4) NOT NULL,
  `tenant_id` int(11) NOT NULL,
  `created` datetime NOT NULL,
  `role_type_id` int(11) NOT NULL,
  `feature_id` int(11) NOT NULL,
  `level` tinyint(4) NOT NULL
) ENGINE=InnoDB DEFAULT CHARSET=utf8mb4;

-- --------------------------------------------------------

--
-- Table structure for table `address`
--

CREATE TABLE `address` (
  `id` int(11) NOT NULL,
  `address_1` tinytext NOT NULL,
  `address_2` tinytext NOT NULL,
  `city` tinytext NOT NULL,
  `county` tinytext NOT NULL,
  `postcode` tinytext NOT NULL,
  `created` datetime NOT NULL,
  `remove_date` datetime NOT NULL,
  `status` tinyint(4) NOT NULL
) ENGINE=InnoDB DEFAULT CHARSET=utf8mb4;

-- --------------------------------------------------------

--
-- Table structure for table `collection_record`
--

CREATE TABLE `collection_record` (
  `id` int(11) NOT NULL,
  `collection_type_id` int(11) NOT NULL,
  `tenant_id` int(11) NOT NULL,
  `venue_id` int(11) NOT NULL,
  `created` datetime NOT NULL,
  `created_by` int(11) NOT NULL,
  `status` tinyint(4) NOT NULL,
  `next_due` datetime NOT NULL
) ENGINE=InnoDB DEFAULT CHARSET=utf8mb4;

-- --------------------------------------------------------

--
-- Table structure for table `collection_record_field`
--

CREATE TABLE `collection_record_field` (
  `id` int(11) NOT NULL,
  `tenant_id` int(11) NOT NULL,
  `collection_type_id` int(11) NOT NULL,
  `status` tinyint(4) NOT NULL,
  `collection_type_field_id` int(11) NOT NULL,
  `value` text NOT NULL
) ENGINE=InnoDB DEFAULT CHARSET=utf8mb4;

-- --------------------------------------------------------

--
-- Table structure for table `collection_type`
--

CREATE TABLE `collection_type` (
  `id` int(11) NOT NULL,
  `tenant_id` int(11) NOT NULL,
  `status` tinyint(4) NOT NULL,
  `created` datetime NOT NULL,
  `created_by` int(11) NOT NULL,
  `modified` datetime NOT NULL,
  `modified_by` int(11) NOT NULL,
  `title` tinytext NOT NULL,
  `description` text NOT NULL,
  `period_id` tinytext NOT NULL
) ENGINE=InnoDB DEFAULT CHARSET=utf8mb4;

-- --------------------------------------------------------

--
-- Table structure for table `collection_type_field`
--

CREATE TABLE `collection_type_field` (
  `id` int(11) NOT NULL,
  `tenant_id` int(11) NOT NULL,
  `collection_type_id` int(11) NOT NULL,
  `status` tinyint(4) NOT NULL,
  `field_type` tinyint(4) NOT NULL,
  `caption` tinytext NOT NULL,
  `options` tinytext NOT NULL,
  `default_value` tinytext NOT NULL,
  `validation_type` tinytext NOT NULL,
  `validation_data` tinytext NOT NULL,
  `position` tinyint(3) UNSIGNED NOT NULL
) ENGINE=InnoDB DEFAULT CHARSET=utf8mb4;

-- --------------------------------------------------------

--
-- Table structure for table `collection_venue_assigned`
--

CREATE TABLE `collection_venue_assigned` (
  `id` int(11) NOT NULL,
  `tenant_id` int(11) NOT NULL,
  `collection_type_id` int(11) NOT NULL,
  `venue_id` int(11) NOT NULL
) ENGINE=InnoDB DEFAULT CHARSET=utf8mb4;

-- --------------------------------------------------------

--
-- Table structure for table `conversation_chat`
--

CREATE TABLE `conversation_chat` (
  `id` int(11) NOT NULL,
  `conversation_id` int(11) NOT NULL,
  `created` datetime NOT NULL,
  `status` tinyint(4) NOT NULL,
  `communicator_id` int(11) NOT NULL,
  `chat` tinytext NOT NULL
) ENGINE=InnoDB DEFAULT CHARSET=utf8mb4;

--
-- Dumping data for table `conversation_chat`
--

INSERT INTO `conversation_chat` (`id`, `conversation_id`, `created`, `status`, `communicator_id`, `chat`) VALUES
(1, 72, '0000-00-00 00:00:00', 1, 2, 'hello world'),
(2, 86, '2020-02-07 04:24:55', 1, 2, 'hello world'),
(3, 106, '2020-02-07 05:18:55', 1, 1, 'hello is there anyone there?'),
(4, 9, '2020-02-07 05:26:05', 1, 1, 'hello world, this is friday'),
(5, 4, '2020-02-07 05:33:30', 1, 1, 'weekend here we come'),
(6, 4, '2020-02-07 05:47:24', 1, 2, 'test test'),
(7, 4, '2020-02-07 05:55:25', 1, 1, 'another message'),
(8, 4, '2020-02-10 13:40:27', 1, 1, 'new message monday afternoon'),
(9, 4, '2020-02-10 02:43:11', 1, 1, 'i am a small message'),
(10, 4, '2020-02-10 02:43:11', 1, 2, 'i am a big message'),
(11, 4, '2020-02-10 02:43:11', 1, 2, 'NEW MESSAGE sent by other guy'),
(12, 4, '2020-02-10 03:11:53', 1, 1, 'my MESSAGE'),
(13, 72, '0000-00-00 00:00:00', 1, 2, 'hello world');

-- --------------------------------------------------------

--
-- Table structure for table `conversation_header`
--

CREATE TABLE `conversation_header` (
  `id` int(11) NOT NULL,
  `created` datetime NOT NULL,
  `status` tinyint(4) NOT NULL,
  `tenant_id` int(11) NOT NULL,
  `speaker_id` int(11) NOT NULL,
  `listener_id` int(11) NOT NULL
) ENGINE=InnoDB DEFAULT CHARSET=utf8mb4;

--
-- Dumping data for table `conversation_header`
--

INSERT INTO `conversation_header` (`id`, `created`, `status`, `tenant_id`, `speaker_id`, `listener_id`) VALUES
(1, '0000-00-00 00:00:00', 1, 1, 2, 1),
(2, '2020-02-07 04:24:55', 1, 1, 2, 1),
(3, '2020-02-07 05:18:55', 1, 1, 1, 2),
(4, '2020-02-07 05:26:05', 1, 1, 1, 2);

-- --------------------------------------------------------

--
-- Table structure for table `core_configuration`
--

CREATE TABLE `core_configuration` (
  `id` int(11) NOT NULL,
  `tenant_id` int(11) NOT NULL,
  `created` datetime NOT NULL,
  `created_by` int(11) NOT NULL,
  `status` tinyint(4) NOT NULL,
  `config_key` tinytext NOT NULL,
  `config_value` tinytext NOT NULL
) ENGINE=InnoDB DEFAULT CHARSET=utf8mb4;

-- --------------------------------------------------------

--
-- Table structure for table `core_configuration_type`
--

CREATE TABLE `core_configuration_type` (
  `id` int(11) NOT NULL,
  `created` datetime NOT NULL,
  `status` tinyint(4) NOT NULL,
  `config_key` int(11) NOT NULL,
  `default_value` tinytext NOT NULL
) ENGINE=InnoDB DEFAULT CHARSET=utf8mb4;

-- --------------------------------------------------------

--
-- Table structure for table `core_configuration_type_option`
--

CREATE TABLE `core_configuration_type_option` (
  `id` int(11) NOT NULL,
  `option_key` tinytext NOT NULL,
  `option_value` tinytext NOT NULL
) ENGINE=InnoDB DEFAULT CHARSET=utf8mb4;

-- --------------------------------------------------------

--
-- Table structure for table `core_login_history`
--

CREATE TABLE `core_login_history` (
  `id` int(11) NOT NULL,
  `login_id` int(11) NOT NULL,
  `username` tinytext NOT NULL,
  `created` datetime NOT NULL,
  `result` tinytext NOT NULL
) ENGINE=InnoDB DEFAULT CHARSET=utf8mb4;

-- --------------------------------------------------------

--
-- Table structure for table `core_tenant`
--

CREATE TABLE `core_tenant` (
  `id` int(11) NOT NULL,
  `tenant_name` tinytext NOT NULL,
  `status` tinyint(4) NOT NULL,
  `created` datetime NOT NULL,
  `address` text NOT NULL,
  `email_address` tinytext NOT NULL,
  `contact_name` tinytext NOT NULL
) ENGINE=InnoDB DEFAULT CHARSET=utf8mb4;

-- --------------------------------------------------------

--
-- Table structure for table `core_token`
--

CREATE TABLE `core_token` (
  `id` int(11) NOT NULL,
  `tenant_id` int(11) NOT NULL,
  `login_id` int(11) NOT NULL,
  `created` datetime NOT NULL,
  `token` tinytext NOT NULL
) ENGINE=InnoDB DEFAULT CHARSET=utf8mb4;

--
-- Dumping data for table `core_token`
--

INSERT INTO `core_token` (`id`, `tenant_id`, `login_id`, `created`, `token`) VALUES
(2, 1, 1, '2020-04-23 11:29:25', 'ABCDABCDABCDABCDABCDABCDABCDABCD'),
(3, 1, 1, '2020-05-05 06:55:13', 'SF71YYSDFAW1RR30RDBZ9OWT44YESCRM'),
(4, 1, 1, '2020-05-06 01:08:47', 'B3ZNTJ03S9NRQSHJUU8UNWZJ6XZWD1RN');

-- --------------------------------------------------------

--
-- Table structure for table `document`
--

CREATE TABLE `document` (
  `id` int(11) NOT NULL,
  `tenant_id` int(11) NOT NULL,
  `document_type_id` int(11) NOT NULL,
  `created` datetime NOT NULL,
  `created_by` int(11) NOT NULL,
  `status` tinyint(4) NOT NULL,
  `document_name` tinytext NOT NULL,
  `document_server_name` tinytext NOT NULL
) ENGINE=InnoDB DEFAULT CHARSET=utf8mb4;

-- --------------------------------------------------------

--
-- Table structure for table `document_type`
--

CREATE TABLE `document_type` (
  `id` int(11) NOT NULL,
  `tenant_id` int(11) NOT NULL,
  `document_type_name` tinytext NOT NULL,
  `document_type_description` tinytext NOT NULL,
  `upload_path` tinytext NOT NULL,
  `format_type` tinytext NOT NULL,
  `max_size` int(11) NOT NULL
) ENGINE=InnoDB DEFAULT CHARSET=utf8mb4;

-- --------------------------------------------------------

--
-- Table structure for table `key_entry`
--

CREATE TABLE `key_entry` (
  `id` int(11) NOT NULL,
  `created` datetime NOT NULL,
  `created_by` int(11) NOT NULL,
  `modified` datetime NOT NULL,
  `modified_by` int(11) NOT NULL,
  `status` int(11) NOT NULL,
  `tenant_id` int(11) NOT NULL,
  `lang` varchar(2) NOT NULL,
  `key_type_id` int(11) NOT NULL,
  `resolved_type_id` int(11) NOT NULL,
  `data_key` tinytext NOT NULL,
  `data_value` tinytext NOT NULL
) ENGINE=InnoDB DEFAULT CHARSET=utf8mb4;

--
-- Dumping data for table `key_entry`
--

INSERT INTO `key_entry` (`id`, `created`, `created_by`, `modified`, `modified_by`, `status`, `tenant_id`, `lang`, `key_type_id`, `resolved_type_id`, `data_key`, `data_value`) VALUES
(1, '2020-04-21 05:21:02', 1, '2020-04-21 05:21:02', 1, 1, -1, 'EN', 1, -1, '1', 'Afghanistan'),
(2, '2020-04-21 05:21:02', 1, '2020-04-21 05:21:02', 1, 1, -1, 'EN', 1, -1, '2', '\r\nAlbania'),
(3, '2020-04-21 05:21:02', 1, '2020-04-21 05:21:02', 1, 1, -1, 'EN', 1, -1, '3', '\r\nAlgeria'),
(4, '2020-04-21 05:21:02', 1, '2020-04-21 05:21:02', 1, 1, -1, 'EN', 1, -1, '4', '\r\nAmerican Samoa'),
(5, '2020-04-21 05:21:02', 1, '2020-04-21 05:21:02', 1, 1, -1, 'EN', 1, -1, '5', '\r\nAndorra'),
(6, '2020-04-21 05:21:02', 1, '2020-04-21 05:21:02', 1, 1, -1, 'EN', 1, -1, '6', '\r\nAngola'),
(7, '2020-04-21 05:21:02', 1, '2020-04-21 05:21:02', 1, 1, -1, 'EN', 1, -1, '7', '\r\nAnguilla'),
(8, '2020-04-21 05:21:02', 1, '2020-04-21 05:21:02', 1, 1, -1, 'EN', 1, -1, '8', '\r\nAntarctica'),
(9, '2020-04-21 05:21:02', 1, '2020-04-21 05:21:02', 1, 1, -1, 'EN', 1, -1, '9', '\r\nAntigua and Barbuda'),
(10, '2020-04-21 05:21:02', 1, '2020-04-21 05:21:02', 1, 1, -1, 'EN', 1, -1, '10', '\r\nArgentina'),
(11, '2020-04-21 05:21:02', 1, '2020-04-21 05:21:02', 1, 1, -1, 'EN', 1, -1, '11', '\r\nArmenia'),
(12, '2020-04-21 05:21:02', 1, '2020-04-21 05:21:02', 1, 1, -1, 'EN', 1, -1, '12', '\r\nAruba'),
(13, '2020-04-21 05:21:02', 1, '2020-04-21 05:21:02', 1, 1, -1, 'EN', 1, -1, '13', '\r\nAustralia'),
(14, '2020-04-21 05:21:02', 1, '2020-04-21 05:21:02', 1, 1, -1, 'EN', 1, -1, '14', '\r\nAustria'),
(15, '2020-04-21 05:21:02', 1, '2020-04-21 05:21:02', 1, 1, -1, 'EN', 1, -1, '15', '\r\nAzerbaijan'),
(16, '2020-04-21 05:21:02', 1, '2020-04-21 05:21:02', 1, 1, -1, 'EN', 1, -1, '16', '\r\nBahamas (the)'),
(17, '2020-04-21 05:21:02', 1, '2020-04-21 05:21:02', 1, 1, -1, 'EN', 1, -1, '17', '\r\nBahrain'),
(18, '2020-04-21 05:21:02', 1, '2020-04-21 05:21:02', 1, 1, -1, 'EN', 1, -1, '18', '\r\nBangladesh'),
(19, '2020-04-21 05:21:02', 1, '2020-04-21 05:21:02', 1, 1, -1, 'EN', 1, -1, '19', '\r\nBarbados'),
(20, '2020-04-21 05:21:02', 1, '2020-04-21 05:21:02', 1, 1, -1, 'EN', 1, -1, '20', '\r\nBelarus'),
(21, '2020-04-21 05:21:02', 1, '2020-04-21 05:21:02', 1, 1, -1, 'EN', 1, -1, '21', '\r\nBelgium'),
(22, '2020-04-21 05:21:02', 1, '2020-04-21 05:21:02', 1, 1, -1, 'EN', 1, -1, '22', '\r\nBelize'),
(23, '2020-04-21 05:21:02', 1, '2020-04-21 05:21:02', 1, 1, -1, 'EN', 1, -1, '23', '\r\nBenin'),
(24, '2020-04-21 05:21:02', 1, '2020-04-21 05:21:02', 1, 1, -1, 'EN', 1, -1, '24', '\r\nBermuda'),
(25, '2020-04-21 05:21:02', 1, '2020-04-21 05:21:02', 1, 1, -1, 'EN', 1, -1, '25', '\r\nBhutan'),
(26, '2020-04-21 05:21:02', 1, '2020-04-21 05:21:02', 1, 1, -1, 'EN', 1, -1, '26', '\r\nBolivia (Plurinational State of)'),
(27, '2020-04-21 05:21:02', 1, '2020-04-21 05:21:02', 1, 1, -1, 'EN', 1, -1, '27', '\r\nBonaire'),
(28, '2020-04-21 05:21:02', 1, '2020-04-21 05:21:02', 1, 1, -1, 'EN', 1, -1, '28', ' Sint Eustatius and Saba'),
(29, '2020-04-21 05:21:02', 1, '2020-04-21 05:21:02', 1, 1, -1, 'EN', 1, -1, '29', '\r\nBosnia and Herzegovina'),
(30, '2020-04-21 05:21:02', 1, '2020-04-21 05:21:02', 1, 1, -1, 'EN', 1, -1, '30', '\r\nBotswana'),
(31, '2020-04-21 05:21:02', 1, '2020-04-21 05:21:02', 1, 1, -1, 'EN', 1, -1, '31', '\r\nBouvet Island'),
(32, '2020-04-21 05:21:02', 1, '2020-04-21 05:21:02', 1, 1, -1, 'EN', 1, -1, '32', '\r\nBrazil'),
(33, '2020-04-21 05:21:02', 1, '2020-04-21 05:21:02', 1, 1, -1, 'EN', 1, -1, '33', '\r\nBritish Indian Ocean Territory (the)'),
(34, '2020-04-21 05:21:02', 1, '2020-04-21 05:21:02', 1, 1, -1, 'EN', 1, -1, '34', '\r\nBrunei Darussalam'),
(35, '2020-04-21 05:21:02', 1, '2020-04-21 05:21:02', 1, 1, -1, 'EN', 1, -1, '35', '\r\nBulgaria'),
(36, '2020-04-21 05:21:02', 1, '2020-04-21 05:21:02', 1, 1, -1, 'EN', 1, -1, '36', '\r\nBurkina Faso'),
(37, '2020-04-21 05:21:02', 1, '2020-04-21 05:21:02', 1, 1, -1, 'EN', 1, -1, '37', '\r\nBurundi'),
(38, '2020-04-21 05:21:02', 1, '2020-04-21 05:21:02', 1, 1, -1, 'EN', 1, -1, '38', '\r\nCabo Verde'),
(39, '2020-04-21 05:21:02', 1, '2020-04-21 05:21:02', 1, 1, -1, 'EN', 1, -1, '39', '\r\nCambodia'),
(40, '2020-04-21 05:21:02', 1, '2020-04-21 05:21:02', 1, 1, -1, 'EN', 1, -1, '40', '\r\nCameroon'),
(41, '2020-04-21 05:21:02', 1, '2020-04-21 05:21:02', 1, 1, -1, 'EN', 1, -1, '41', '\r\nCanada'),
(42, '2020-04-21 05:21:02', 1, '2020-04-21 05:21:02', 1, 1, -1, 'EN', 1, -1, '42', '\r\nCayman Islands (the)'),
(43, '2020-04-21 05:21:03', 1, '2020-04-21 05:21:03', 1, 1, -1, 'EN', 1, -1, '43', '\r\nCentral African Republic (the)'),
(44, '2020-04-21 05:21:03', 1, '2020-04-21 05:21:03', 1, 1, -1, 'EN', 1, -1, '44', '\r\nChad'),
(45, '2020-04-21 05:21:03', 1, '2020-04-21 05:21:03', 1, 1, -1, 'EN', 1, -1, '45', '\r\nChile'),
(46, '2020-04-21 05:21:03', 1, '2020-04-21 05:21:03', 1, 1, -1, 'EN', 1, -1, '46', '\r\nChina'),
(47, '2020-04-21 05:21:03', 1, '2020-04-21 05:21:03', 1, 1, -1, 'EN', 1, -1, '47', '\r\nChristmas Island'),
(48, '2020-04-21 05:21:03', 1, '2020-04-21 05:21:03', 1, 1, -1, 'EN', 1, -1, '48', '\r\nCocos (Keeling) Islands (the)'),
(49, '2020-04-21 05:21:03', 1, '2020-04-21 05:21:03', 1, 1, -1, 'EN', 1, -1, '49', '\r\nColombia'),
(50, '2020-04-21 05:21:03', 1, '2020-04-21 05:21:03', 1, 1, -1, 'EN', 1, -1, '50', '\r\nComoros (the)'),
(51, '2020-04-21 05:21:03', 1, '2020-04-21 05:21:03', 1, 1, -1, 'EN', 1, -1, '51', '\r\nCongo (the Democratic Republic of the)'),
(52, '2020-04-21 05:21:03', 1, '2020-04-21 05:21:03', 1, 1, -1, 'EN', 1, -1, '52', '\r\nCongo (the)'),
(53, '2020-04-21 05:21:03', 1, '2020-04-21 05:21:03', 1, 1, -1, 'EN', 1, -1, '53', '\r\nCook Islands (the)'),
(54, '2020-04-21 05:21:03', 1, '2020-04-21 05:21:03', 1, 1, -1, 'EN', 1, -1, '54', '\r\nCosta Rica'),
(55, '2020-04-21 05:21:03', 1, '2020-04-21 05:21:03', 1, 1, -1, 'EN', 1, -1, '55', '\r\nCroatia'),
(56, '2020-04-21 05:21:03', 1, '2020-04-21 05:21:03', 1, 1, -1, 'EN', 1, -1, '56', '\r\nCuba'),
(57, '2020-04-21 05:21:03', 1, '2020-04-21 05:21:03', 1, 1, -1, 'EN', 1, -1, '57', '\r\nCuraçao'),
(58, '2020-04-21 05:21:03', 1, '2020-04-21 05:21:03', 1, 1, -1, 'EN', 1, -1, '58', '\r\nCyprus'),
(59, '2020-04-21 05:21:03', 1, '2020-04-21 05:21:03', 1, 1, -1, 'EN', 1, -1, '59', '\r\nCzechia'),
(60, '2020-04-21 05:21:03', 1, '2020-04-21 05:21:03', 1, 1, -1, 'EN', 1, -1, '60', '\r\nCôte d\'Ivoire'),
(61, '2020-04-21 05:21:03', 1, '2020-04-21 05:21:03', 1, 1, -1, 'EN', 1, -1, '61', '\r\nDenmark'),
(62, '2020-04-21 05:21:03', 1, '2020-04-21 05:21:03', 1, 1, -1, 'EN', 1, -1, '62', '\r\nDjibouti'),
(63, '2020-04-21 05:21:03', 1, '2020-04-21 05:21:03', 1, 1, -1, 'EN', 1, -1, '63', '\r\nDominica'),
(64, '2020-04-21 05:21:03', 1, '2020-04-21 05:21:03', 1, 1, -1, 'EN', 1, -1, '64', '\r\nDominican Republic (the)'),
(65, '2020-04-21 05:21:03', 1, '2020-04-21 05:21:03', 1, 1, -1, 'EN', 1, -1, '65', '\r\nEcuador'),
(66, '2020-04-21 05:21:03', 1, '2020-04-21 05:21:03', 1, 1, -1, 'EN', 1, -1, '66', '\r\nEgypt'),
(67, '2020-04-21 05:21:03', 1, '2020-04-21 05:21:03', 1, 1, -1, 'EN', 1, -1, '67', '\r\nEl Salvador'),
(68, '2020-04-21 05:21:03', 1, '2020-04-21 05:21:03', 1, 1, -1, 'EN', 1, -1, '68', '\r\nEquatorial Guinea'),
(69, '2020-04-21 05:21:03', 1, '2020-04-21 05:21:03', 1, 1, -1, 'EN', 1, -1, '69', '\r\nEritrea'),
(70, '2020-04-21 05:21:03', 1, '2020-04-21 05:21:03', 1, 1, -1, 'EN', 1, -1, '70', '\r\nEstonia'),
(71, '2020-04-21 05:21:03', 1, '2020-04-21 05:21:03', 1, 1, -1, 'EN', 1, -1, '71', '\r\nEswatini'),
(72, '2020-04-21 05:21:03', 1, '2020-04-21 05:21:03', 1, 1, -1, 'EN', 1, -1, '72', '\r\nEthiopia'),
(73, '2020-04-21 05:21:03', 1, '2020-04-21 05:21:03', 1, 1, -1, 'EN', 1, -1, '73', '\r\nFalkland Islands (the) [Malvinas]'),
(74, '2020-04-21 05:21:03', 1, '2020-04-21 05:21:03', 1, 1, -1, 'EN', 1, -1, '74', '\r\nFaroe Islands (the)'),
(75, '2020-04-21 05:21:03', 1, '2020-04-21 05:21:03', 1, 1, -1, 'EN', 1, -1, '75', '\r\nFiji'),
(76, '2020-04-21 05:21:03', 1, '2020-04-21 05:21:03', 1, 1, -1, 'EN', 1, -1, '76', '\r\nFinland'),
(77, '2020-04-21 05:21:03', 1, '2020-04-21 05:21:03', 1, 1, -1, 'EN', 1, -1, '77', '\r\nFrance'),
(78, '2020-04-21 05:21:03', 1, '2020-04-21 05:21:03', 1, 1, -1, 'EN', 1, -1, '78', '\r\nFrench Guiana'),
(79, '2020-04-21 05:21:03', 1, '2020-04-21 05:21:03', 1, 1, -1, 'EN', 1, -1, '79', '\r\nFrench Polynesia'),
(80, '2020-04-21 05:21:03', 1, '2020-04-21 05:21:03', 1, 1, -1, 'EN', 1, -1, '80', '\r\nFrench Southern Territories (the)'),
(81, '2020-04-21 05:21:03', 1, '2020-04-21 05:21:03', 1, 1, -1, 'EN', 1, -1, '81', '\r\nGabon'),
(82, '2020-04-21 05:21:03', 1, '2020-04-21 05:21:03', 1, 1, -1, 'EN', 1, -1, '82', '\r\nGambia (the)'),
(83, '2020-04-21 05:21:03', 1, '2020-04-21 05:21:03', 1, 1, -1, 'EN', 1, -1, '83', '\r\nGeorgia'),
(84, '2020-04-21 05:21:03', 1, '2020-04-21 05:21:03', 1, 1, -1, 'EN', 1, -1, '84', '\r\nGermany'),
(85, '2020-04-21 05:21:03', 1, '2020-04-21 05:21:03', 1, 1, -1, 'EN', 1, -1, '85', '\r\nGhana'),
(86, '2020-04-21 05:21:03', 1, '2020-04-21 05:21:03', 1, 1, -1, 'EN', 1, -1, '86', '\r\nGibraltar'),
(87, '2020-04-21 05:21:03', 1, '2020-04-21 05:21:03', 1, 1, -1, 'EN', 1, -1, '87', '\r\nGreece'),
(88, '2020-04-21 05:21:03', 1, '2020-04-21 05:21:03', 1, 1, -1, 'EN', 1, -1, '88', '\r\nGreenland'),
(89, '2020-04-21 05:21:03', 1, '2020-04-21 05:21:03', 1, 1, -1, 'EN', 1, -1, '89', '\r\nGrenada'),
(90, '2020-04-21 05:21:03', 1, '2020-04-21 05:21:03', 1, 1, -1, 'EN', 1, -1, '90', '\r\nGuadeloupe'),
(91, '2020-04-21 05:21:03', 1, '2020-04-21 05:21:03', 1, 1, -1, 'EN', 1, -1, '91', '\r\nGuam'),
(92, '2020-04-21 05:21:03', 1, '2020-04-21 05:21:03', 1, 1, -1, 'EN', 1, -1, '92', '\r\nGuatemala'),
(93, '2020-04-21 05:21:03', 1, '2020-04-21 05:21:03', 1, 1, -1, 'EN', 1, -1, '93', '\r\nGuernsey'),
(94, '2020-04-21 05:21:03', 1, '2020-04-21 05:21:03', 1, 1, -1, 'EN', 1, -1, '94', '\r\nGuinea'),
(95, '2020-04-21 05:21:03', 1, '2020-04-21 05:21:03', 1, 1, -1, 'EN', 1, -1, '95', '\r\nGuinea-Bissau'),
(96, '2020-04-21 05:21:03', 1, '2020-04-21 05:21:03', 1, 1, -1, 'EN', 1, -1, '96', '\r\nGuyana'),
(97, '2020-04-21 05:21:03', 1, '2020-04-21 05:21:03', 1, 1, -1, 'EN', 1, -1, '97', '\r\nHaiti'),
(98, '2020-04-21 05:21:03', 1, '2020-04-21 05:21:03', 1, 1, -1, 'EN', 1, -1, '98', '\r\nHeard Island and McDonald Islands'),
(99, '2020-04-21 05:21:03', 1, '2020-04-21 05:21:03', 1, 1, -1, 'EN', 1, -1, '99', '\r\nHoly See (the)'),
(100, '2020-04-21 05:21:03', 1, '2020-04-21 05:21:03', 1, 1, -1, 'EN', 1, -1, '100', '\r\nHonduras'),
(101, '2020-04-21 05:21:03', 1, '2020-04-21 05:21:03', 1, 1, -1, 'EN', 1, -1, '101', '\r\nHong Kong'),
(102, '2020-04-21 05:21:03', 1, '2020-04-21 05:21:03', 1, 1, -1, 'EN', 1, -1, '102', '\r\nHungary'),
(103, '2020-04-21 05:21:03', 1, '2020-04-21 05:21:03', 1, 1, -1, 'EN', 1, -1, '103', '\r\nIceland'),
(104, '2020-04-21 05:21:03', 1, '2020-04-21 05:21:03', 1, 1, -1, 'EN', 1, -1, '104', '\r\nIndia'),
(105, '2020-04-21 05:21:03', 1, '2020-04-21 05:21:03', 1, 1, -1, 'EN', 1, -1, '105', '\r\nIndonesia'),
(106, '2020-04-21 05:21:03', 1, '2020-04-21 05:21:03', 1, 1, -1, 'EN', 1, -1, '106', '\r\nIran (Islamic Republic of)'),
(107, '2020-04-21 05:21:03', 1, '2020-04-21 05:21:03', 1, 1, -1, 'EN', 1, -1, '107', '\r\nIraq'),
(108, '2020-04-21 05:21:03', 1, '2020-04-21 05:21:03', 1, 1, -1, 'EN', 1, -1, '108', '\r\nIreland'),
(109, '2020-04-21 05:21:03', 1, '2020-04-21 05:21:03', 1, 1, -1, 'EN', 1, -1, '109', '\r\nIsle of Man'),
(110, '2020-04-21 05:21:03', 1, '2020-04-21 05:21:03', 1, 1, -1, 'EN', 1, -1, '110', '\r\nIsrael'),
(111, '2020-04-21 05:21:03', 1, '2020-04-21 05:21:03', 1, 1, -1, 'EN', 1, -1, '111', '\r\nItaly'),
(112, '2020-04-21 05:21:03', 1, '2020-04-21 05:21:03', 1, 1, -1, 'EN', 1, -1, '112', '\r\nJamaica'),
(113, '2020-04-21 05:21:03', 1, '2020-04-21 05:21:03', 1, 1, -1, 'EN', 1, -1, '113', '\r\nJapan'),
(114, '2020-04-21 05:21:03', 1, '2020-04-21 05:21:03', 1, 1, -1, 'EN', 1, -1, '114', '\r\nJersey'),
(115, '2020-04-21 05:21:03', 1, '2020-04-21 05:21:03', 1, 1, -1, 'EN', 1, -1, '115', '\r\nJordan'),
(116, '2020-04-21 05:21:03', 1, '2020-04-21 05:21:03', 1, 1, -1, 'EN', 1, -1, '116', '\r\nKazakhstan'),
(117, '2020-04-21 05:21:03', 1, '2020-04-21 05:21:03', 1, 1, -1, 'EN', 1, -1, '117', '\r\nKenya'),
(118, '2020-04-21 05:21:03', 1, '2020-04-21 05:21:03', 1, 1, -1, 'EN', 1, -1, '118', '\r\nKiribati'),
(119, '2020-04-21 05:21:03', 1, '2020-04-21 05:21:03', 1, 1, -1, 'EN', 1, -1, '119', '\r\nKorea (the Democratic People\'s Republic of)'),
(120, '2020-04-21 05:21:03', 1, '2020-04-21 05:21:03', 1, 1, -1, 'EN', 1, -1, '120', '\r\nKorea (the Republic of)'),
(121, '2020-04-21 05:21:03', 1, '2020-04-21 05:21:03', 1, 1, -1, 'EN', 1, -1, '121', '\r\nKuwait'),
(122, '2020-04-21 05:21:03', 1, '2020-04-21 05:21:03', 1, 1, -1, 'EN', 1, -1, '122', '\r\nKyrgyzstan'),
(123, '2020-04-21 05:21:03', 1, '2020-04-21 05:21:03', 1, 1, -1, 'EN', 1, -1, '123', '\r\nLao People\'s Democratic Republic (the)'),
(124, '2020-04-21 05:21:03', 1, '2020-04-21 05:21:03', 1, 1, -1, 'EN', 1, -1, '124', '\r\nLatvia'),
(125, '2020-04-21 05:21:03', 1, '2020-04-21 05:21:03', 1, 1, -1, 'EN', 1, -1, '125', '\r\nLebanon'),
(126, '2020-04-21 05:21:03', 1, '2020-04-21 05:21:03', 1, 1, -1, 'EN', 1, -1, '126', '\r\nLesotho'),
(127, '2020-04-21 05:21:03', 1, '2020-04-21 05:21:03', 1, 1, -1, 'EN', 1, -1, '127', '\r\nLiberia'),
(128, '2020-04-21 05:21:03', 1, '2020-04-21 05:21:03', 1, 1, -1, 'EN', 1, -1, '128', '\r\nLibya'),
(129, '2020-04-21 05:21:03', 1, '2020-04-21 05:21:03', 1, 1, -1, 'EN', 1, -1, '129', '\r\nLiechtenstein'),
(130, '2020-04-21 05:21:03', 1, '2020-04-21 05:21:03', 1, 1, -1, 'EN', 1, -1, '130', '\r\nLithuania'),
(131, '2020-04-21 05:21:03', 1, '2020-04-21 05:21:03', 1, 1, -1, 'EN', 1, -1, '131', '\r\nLuxembourg'),
(132, '2020-04-21 05:21:03', 1, '2020-04-21 05:21:03', 1, 1, -1, 'EN', 1, -1, '132', '\r\nMacao'),
(133, '2020-04-21 05:21:03', 1, '2020-04-21 05:21:03', 1, 1, -1, 'EN', 1, -1, '133', '\r\nMadagascar'),
(134, '2020-04-21 05:21:03', 1, '2020-04-21 05:21:03', 1, 1, -1, 'EN', 1, -1, '134', '\r\nMalawi'),
(135, '2020-04-21 05:21:03', 1, '2020-04-21 05:21:03', 1, 1, -1, 'EN', 1, -1, '135', '\r\nMalaysia'),
(136, '2020-04-21 05:21:03', 1, '2020-04-21 05:21:03', 1, 1, -1, 'EN', 1, -1, '136', '\r\nMaldives'),
(137, '2020-04-21 05:21:03', 1, '2020-04-21 05:21:03', 1, 1, -1, 'EN', 1, -1, '137', '\r\nMali'),
(138, '2020-04-21 05:21:03', 1, '2020-04-21 05:21:03', 1, 1, -1, 'EN', 1, -1, '138', '\r\nMalta'),
(139, '2020-04-21 05:21:03', 1, '2020-04-21 05:21:03', 1, 1, -1, 'EN', 1, -1, '139', '\r\nMarshall Islands (the)'),
(140, '2020-04-21 05:21:03', 1, '2020-04-21 05:21:03', 1, 1, -1, 'EN', 1, -1, '140', '\r\nMartinique'),
(141, '2020-04-21 05:21:03', 1, '2020-04-21 05:21:03', 1, 1, -1, 'EN', 1, -1, '141', '\r\nMauritania'),
(142, '2020-04-21 05:21:03', 1, '2020-04-21 05:21:03', 1, 1, -1, 'EN', 1, -1, '142', '\r\nMauritius'),
(143, '2020-04-21 05:21:03', 1, '2020-04-21 05:21:03', 1, 1, -1, 'EN', 1, -1, '143', '\r\nMayotte'),
(144, '2020-04-21 05:21:03', 1, '2020-04-21 05:21:03', 1, 1, -1, 'EN', 1, -1, '144', '\r\nMexico'),
(145, '2020-04-21 05:21:03', 1, '2020-04-21 05:21:03', 1, 1, -1, 'EN', 1, -1, '145', '\r\nMicronesia (Federated States of)'),
(146, '2020-04-21 05:21:03', 1, '2020-04-21 05:21:03', 1, 1, -1, 'EN', 1, -1, '146', '\r\nMoldova (the Republic of)'),
(147, '2020-04-21 05:21:03', 1, '2020-04-21 05:21:03', 1, 1, -1, 'EN', 1, -1, '147', '\r\nMonaco'),
(148, '2020-04-21 05:21:03', 1, '2020-04-21 05:21:03', 1, 1, -1, 'EN', 1, -1, '148', '\r\nMongolia'),
(149, '2020-04-21 05:21:03', 1, '2020-04-21 05:21:03', 1, 1, -1, 'EN', 1, -1, '149', '\r\nMontenegro'),
(150, '2020-04-21 05:21:03', 1, '2020-04-21 05:21:03', 1, 1, -1, 'EN', 1, -1, '150', '\r\nMontserrat'),
(151, '2020-04-21 05:21:03', 1, '2020-04-21 05:21:03', 1, 1, -1, 'EN', 1, -1, '151', '\r\nMorocco'),
(152, '2020-04-21 05:21:03', 1, '2020-04-21 05:21:03', 1, 1, -1, 'EN', 1, -1, '152', '\r\nMozambique'),
(153, '2020-04-21 05:21:03', 1, '2020-04-21 05:21:03', 1, 1, -1, 'EN', 1, -1, '153', '\r\nMyanmar'),
(154, '2020-04-21 05:21:03', 1, '2020-04-21 05:21:03', 1, 1, -1, 'EN', 1, -1, '154', '\r\nNamibia'),
(155, '2020-04-21 05:21:03', 1, '2020-04-21 05:21:03', 1, 1, -1, 'EN', 1, -1, '155', '\r\nNauru'),
(156, '2020-04-21 05:21:03', 1, '2020-04-21 05:21:03', 1, 1, -1, 'EN', 1, -1, '156', '\r\nNepal'),
(157, '2020-04-21 05:21:03', 1, '2020-04-21 05:21:03', 1, 1, -1, 'EN', 1, -1, '157', '\r\nNetherlands (the)'),
(158, '2020-04-21 05:21:03', 1, '2020-04-21 05:21:03', 1, 1, -1, 'EN', 1, -1, '158', '\r\nNew Caledonia'),
(159, '2020-04-21 05:21:03', 1, '2020-04-21 05:21:03', 1, 1, -1, 'EN', 1, -1, '159', '\r\nNew Zealand'),
(160, '2020-04-21 05:21:03', 1, '2020-04-21 05:21:03', 1, 1, -1, 'EN', 1, -1, '160', '\r\nNicaragua'),
(161, '2020-04-21 05:21:03', 1, '2020-04-21 05:21:03', 1, 1, -1, 'EN', 1, -1, '161', '\r\nNiger (the)'),
(162, '2020-04-21 05:21:03', 1, '2020-04-21 05:21:03', 1, 1, -1, 'EN', 1, -1, '162', '\r\nNigeria'),
(163, '2020-04-21 05:21:03', 1, '2020-04-21 05:21:03', 1, 1, -1, 'EN', 1, -1, '163', '\r\nNiue'),
(164, '2020-04-21 05:21:03', 1, '2020-04-21 05:21:03', 1, 1, -1, 'EN', 1, -1, '164', '\r\nNorfolk Island'),
(165, '2020-04-21 05:21:03', 1, '2020-04-21 05:21:03', 1, 1, -1, 'EN', 1, -1, '165', '\r\nNorthern Mariana Islands (the)'),
(166, '2020-04-21 05:21:03', 1, '2020-04-21 05:21:03', 1, 1, -1, 'EN', 1, -1, '166', '\r\nNorway'),
(167, '2020-04-21 05:21:03', 1, '2020-04-21 05:21:03', 1, 1, -1, 'EN', 1, -1, '167', '\r\nOman'),
(168, '2020-04-21 05:21:03', 1, '2020-04-21 05:21:03', 1, 1, -1, 'EN', 1, -1, '168', '\r\nPakistan'),
(169, '2020-04-21 05:21:03', 1, '2020-04-21 05:21:03', 1, 1, -1, 'EN', 1, -1, '169', '\r\nPalau'),
(170, '2020-04-21 05:21:03', 1, '2020-04-21 05:21:03', 1, 1, -1, 'EN', 1, -1, '170', '\r\nPalestine'),
(171, '2020-04-21 05:21:03', 1, '2020-04-21 05:21:03', 1, 1, -1, 'EN', 1, -1, '171', ' State of'),
(172, '2020-04-21 05:21:03', 1, '2020-04-21 05:21:03', 1, 1, -1, 'EN', 1, -1, '172', '\r\nPanama'),
(173, '2020-04-21 05:21:03', 1, '2020-04-21 05:21:03', 1, 1, -1, 'EN', 1, -1, '173', '\r\nPapua New Guinea'),
(174, '2020-04-21 05:21:03', 1, '2020-04-21 05:21:03', 1, 1, -1, 'EN', 1, -1, '174', '\r\nParaguay'),
(175, '2020-04-21 05:21:03', 1, '2020-04-21 05:21:03', 1, 1, -1, 'EN', 1, -1, '175', '\r\nPeru'),
(176, '2020-04-21 05:21:03', 1, '2020-04-21 05:21:03', 1, 1, -1, 'EN', 1, -1, '176', '\r\nPhilippines (the)'),
(177, '2020-04-21 05:21:03', 1, '2020-04-21 05:21:03', 1, 1, -1, 'EN', 1, -1, '177', '\r\nPitcairn'),
(178, '2020-04-21 05:21:03', 1, '2020-04-21 05:21:03', 1, 1, -1, 'EN', 1, -1, '178', '\r\nPoland'),
(179, '2020-04-21 05:21:03', 1, '2020-04-21 05:21:03', 1, 1, -1, 'EN', 1, -1, '179', '\r\nPortugal'),
(180, '2020-04-21 05:21:03', 1, '2020-04-21 05:21:03', 1, 1, -1, 'EN', 1, -1, '180', '\r\nPuerto Rico'),
(181, '2020-04-21 05:21:03', 1, '2020-04-21 05:21:03', 1, 1, -1, 'EN', 1, -1, '181', '\r\nQatar'),
(182, '2020-04-21 05:21:03', 1, '2020-04-21 05:21:03', 1, 1, -1, 'EN', 1, -1, '182', '\r\nRepublic of North Macedonia'),
(183, '2020-04-21 05:21:03', 1, '2020-04-21 05:21:03', 1, 1, -1, 'EN', 1, -1, '183', '\r\nRomania'),
(184, '2020-04-21 05:21:03', 1, '2020-04-21 05:21:03', 1, 1, -1, 'EN', 1, -1, '184', '\r\nRussian Federation (the)'),
(185, '2020-04-21 05:21:03', 1, '2020-04-21 05:21:03', 1, 1, -1, 'EN', 1, -1, '185', '\r\nRwanda'),
(186, '2020-04-21 05:21:03', 1, '2020-04-21 05:21:03', 1, 1, -1, 'EN', 1, -1, '186', '\r\nRéunion'),
(187, '2020-04-21 05:21:03', 1, '2020-04-21 05:21:03', 1, 1, -1, 'EN', 1, -1, '187', '\r\nSaint Barthélemy'),
(188, '2020-04-21 05:21:03', 1, '2020-04-21 05:21:03', 1, 1, -1, 'EN', 1, -1, '188', '\r\nSaint Helena'),
(189, '2020-04-21 05:21:03', 1, '2020-04-21 05:21:03', 1, 1, -1, 'EN', 1, -1, '189', ' Ascension and Tristan da Cunha'),
(190, '2020-04-21 05:21:03', 1, '2020-04-21 05:21:03', 1, 1, -1, 'EN', 1, -1, '190', '\r\nSaint Kitts and Nevis'),
(191, '2020-04-21 05:21:03', 1, '2020-04-21 05:21:03', 1, 1, -1, 'EN', 1, -1, '191', '\r\nSaint Lucia'),
(192, '2020-04-21 05:21:03', 1, '2020-04-21 05:21:03', 1, 1, -1, 'EN', 1, -1, '192', '\r\nSaint Martin (French part)'),
(193, '2020-04-21 05:21:03', 1, '2020-04-21 05:21:03', 1, 1, -1, 'EN', 1, -1, '193', '\r\nSaint Pierre and Miquelon'),
(194, '2020-04-21 05:21:03', 1, '2020-04-21 05:21:03', 1, 1, -1, 'EN', 1, -1, '194', '\r\nSaint Vincent and the Grenadines'),
(195, '2020-04-21 05:21:03', 1, '2020-04-21 05:21:03', 1, 1, -1, 'EN', 1, -1, '195', '\r\nSamoa'),
(196, '2020-04-21 05:21:03', 1, '2020-04-21 05:21:03', 1, 1, -1, 'EN', 1, -1, '196', '\r\nSan Marino'),
(197, '2020-04-21 05:21:03', 1, '2020-04-21 05:21:03', 1, 1, -1, 'EN', 1, -1, '197', '\r\nSao Tome and Principe'),
(198, '2020-04-21 05:21:03', 1, '2020-04-21 05:21:03', 1, 1, -1, 'EN', 1, -1, '198', '\r\nSaudi Arabia'),
(199, '2020-04-21 05:21:03', 1, '2020-04-21 05:21:03', 1, 1, -1, 'EN', 1, -1, '199', '\r\nSenegal'),
(200, '2020-04-21 05:21:03', 1, '2020-04-21 05:21:03', 1, 1, -1, 'EN', 1, -1, '200', '\r\nSerbia'),
(201, '2020-04-21 05:21:03', 1, '2020-04-21 05:21:03', 1, 1, -1, 'EN', 1, -1, '201', '\r\nSeychelles'),
(202, '2020-04-21 05:21:03', 1, '2020-04-21 05:21:03', 1, 1, -1, 'EN', 1, -1, '202', '\r\nSierra Leone'),
(203, '2020-04-21 05:21:03', 1, '2020-04-21 05:21:03', 1, 1, -1, 'EN', 1, -1, '203', '\r\nSingapore'),
(204, '2020-04-21 05:21:03', 1, '2020-04-21 05:21:03', 1, 1, -1, 'EN', 1, -1, '204', '\r\nSint Maarten (Dutch part)'),
(205, '2020-04-21 05:21:03', 1, '2020-04-21 05:21:03', 1, 1, -1, 'EN', 1, -1, '205', '\r\nSlovakia'),
(206, '2020-04-21 05:21:03', 1, '2020-04-21 05:21:03', 1, 1, -1, 'EN', 1, -1, '206', '\r\nSlovenia'),
(207, '2020-04-21 05:21:03', 1, '2020-04-21 05:21:03', 1, 1, -1, 'EN', 1, -1, '207', '\r\nSolomon Islands'),
(208, '2020-04-21 05:21:03', 1, '2020-04-21 05:21:03', 1, 1, -1, 'EN', 1, -1, '208', '\r\nSomalia'),
(209, '2020-04-21 05:21:03', 1, '2020-04-21 05:21:03', 1, 1, -1, 'EN', 1, -1, '209', '\r\nSouth Africa'),
(210, '2020-04-21 05:21:03', 1, '2020-04-21 05:21:03', 1, 1, -1, 'EN', 1, -1, '210', '\r\nSouth Georgia and the South Sandwich Islands'),
(211, '2020-04-21 05:21:03', 1, '2020-04-21 05:21:03', 1, 1, -1, 'EN', 1, -1, '211', '\r\nSouth Sudan'),
(212, '2020-04-21 05:21:03', 1, '2020-04-21 05:21:03', 1, 1, -1, 'EN', 1, -1, '212', '\r\nSpain'),
(213, '2020-04-21 05:21:03', 1, '2020-04-21 05:21:03', 1, 1, -1, 'EN', 1, -1, '213', '\r\nSri Lanka'),
(214, '2020-04-21 05:21:03', 1, '2020-04-21 05:21:03', 1, 1, -1, 'EN', 1, -1, '214', '\r\nSudan (the)'),
(215, '2020-04-21 05:21:03', 1, '2020-04-21 05:21:03', 1, 1, -1, 'EN', 1, -1, '215', '\r\nSuriname'),
(216, '2020-04-21 05:21:03', 1, '2020-04-21 05:21:03', 1, 1, -1, 'EN', 1, -1, '216', '\r\nSvalbard and Jan Mayen'),
(217, '2020-04-21 05:21:03', 1, '2020-04-21 05:21:03', 1, 1, -1, 'EN', 1, -1, '217', '\r\nSweden'),
(218, '2020-04-21 05:21:03', 1, '2020-04-21 05:21:03', 1, 1, -1, 'EN', 1, -1, '218', '\r\nSwitzerland'),
(219, '2020-04-21 05:21:03', 1, '2020-04-21 05:21:03', 1, 1, -1, 'EN', 1, -1, '219', '\r\nSyrian Arab Republic'),
(220, '2020-04-21 05:21:03', 1, '2020-04-21 05:21:03', 1, 1, -1, 'EN', 1, -1, '220', '\r\nTaiwan (Province of China)'),
(221, '2020-04-21 05:21:03', 1, '2020-04-21 05:21:03', 1, 1, -1, 'EN', 1, -1, '221', '\r\nTajikistan'),
(222, '2020-04-21 05:21:03', 1, '2020-04-21 05:21:03', 1, 1, -1, 'EN', 1, -1, '222', '\r\nTanzania'),
(223, '2020-04-21 05:21:03', 1, '2020-04-21 05:21:03', 1, 1, -1, 'EN', 1, -1, '223', ' United Republic of'),
(224, '2020-04-21 05:21:03', 1, '2020-04-21 05:21:03', 1, 1, -1, 'EN', 1, -1, '224', '\r\nThailand'),
(225, '2020-04-21 05:21:03', 1, '2020-04-21 05:21:03', 1, 1, -1, 'EN', 1, -1, '225', '\r\nTimor-Leste'),
(226, '2020-04-21 05:21:03', 1, '2020-04-21 05:21:03', 1, 1, -1, 'EN', 1, -1, '226', '\r\nTogo'),
(227, '2020-04-21 05:21:03', 1, '2020-04-21 05:21:03', 1, 1, -1, 'EN', 1, -1, '227', '\r\nTokelau'),
(228, '2020-04-21 05:21:03', 1, '2020-04-21 05:21:03', 1, 1, -1, 'EN', 1, -1, '228', '\r\nTonga'),
(229, '2020-04-21 05:21:03', 1, '2020-04-21 05:21:03', 1, 1, -1, 'EN', 1, -1, '229', '\r\nTrinidad and Tobago'),
(230, '2020-04-21 05:21:03', 1, '2020-04-21 05:21:03', 1, 1, -1, 'EN', 1, -1, '230', '\r\nTunisia'),
(231, '2020-04-21 05:21:03', 1, '2020-04-21 05:21:03', 1, 1, -1, 'EN', 1, -1, '231', '\r\nTurkey'),
(232, '2020-04-21 05:21:03', 1, '2020-04-21 05:21:03', 1, 1, -1, 'EN', 1, -1, '232', '\r\nTurkmenistan'),
(233, '2020-04-21 05:21:03', 1, '2020-04-21 05:21:03', 1, 1, -1, 'EN', 1, -1, '233', '\r\nTurks and Caicos Islands (the)'),
(234, '2020-04-21 05:21:03', 1, '2020-04-21 05:21:03', 1, 1, -1, 'EN', 1, -1, '234', '\r\nTuvalu'),
(235, '2020-04-21 05:21:03', 1, '2020-04-21 05:21:03', 1, 1, -1, 'EN', 1, -1, '235', '\r\nUganda'),
(236, '2020-04-21 05:21:03', 1, '2020-04-21 05:21:03', 1, 1, -1, 'EN', 1, -1, '236', '\r\nUkraine'),
(237, '2020-04-21 05:21:03', 1, '2020-04-21 05:21:03', 1, 1, -1, 'EN', 1, -1, '237', '\r\nUnited Arab Emirates (the)'),
(238, '2020-04-21 05:21:03', 1, '2020-04-21 05:21:03', 1, 1, -1, 'EN', 1, -1, '238', '\r\nUnited Kingdom of Great Britain and Northern Ireland (the)'),
(239, '2020-04-21 05:21:03', 1, '2020-04-21 05:21:03', 1, 1, -1, 'EN', 1, -1, '239', '\r\nUnited States Minor Outlying Islands (the)'),
(240, '2020-04-21 05:21:03', 1, '2020-04-21 05:21:03', 1, 1, -1, 'EN', 1, -1, '240', '\r\nUnited States of America (the)'),
(241, '2020-04-21 05:21:03', 1, '2020-04-21 05:21:03', 1, 1, -1, 'EN', 1, -1, '241', '\r\nUruguay'),
(242, '2020-04-21 05:21:03', 1, '2020-04-21 05:21:03', 1, 1, -1, 'EN', 1, -1, '242', '\r\nUzbekistan'),
(243, '2020-04-21 05:21:03', 1, '2020-04-21 05:21:03', 1, 1, -1, 'EN', 1, -1, '243', '\r\nVanuatu'),
(244, '2020-04-21 05:21:03', 1, '2020-04-21 05:21:03', 1, 1, -1, 'EN', 1, -1, '244', '\r\nVenezuela (Bolivarian Republic of)'),
(245, '2020-04-21 05:21:03', 1, '2020-04-21 05:21:03', 1, 1, -1, 'EN', 1, -1, '245', '\r\nViet Nam'),
(246, '2020-04-21 05:21:03', 1, '2020-04-21 05:21:03', 1, 1, -1, 'EN', 1, -1, '246', '\r\nVirgin Islands (British)'),
(247, '2020-04-21 05:21:03', 1, '2020-04-21 05:21:03', 1, 1, -1, 'EN', 1, -1, '247', '\r\nVirgin Islands (U.S.)'),
(248, '2020-04-21 05:21:03', 1, '2020-04-21 05:21:03', 1, 1, -1, 'EN', 1, -1, '248', '\r\nWallis and Futuna'),
(249, '2020-04-21 05:21:03', 1, '2020-04-21 05:21:03', 1, 1, -1, 'EN', 1, -1, '249', '\r\nWestern Sahara'),
(250, '2020-04-21 05:21:03', 1, '2020-04-21 05:21:03', 1, 1, -1, 'EN', 1, -1, '250', '\r\nYemen'),
(251, '2020-04-21 05:21:03', 1, '2020-04-21 05:21:03', 1, 1, -1, 'EN', 1, -1, '251', '\r\nZambia'),
(252, '2020-04-21 05:21:03', 1, '2020-04-21 05:21:03', 1, 1, -1, 'EN', 1, -1, '252', '\r\nZimbabwe'),
(253, '2020-04-21 05:21:03', 1, '2020-04-21 05:21:03', 1, 1, -1, 'EN', 1, -1, '253', '\r\nÅland Islands'),
(254, '2020-04-21 05:21:03', 1, '2020-04-21 05:21:03', 1, 1, -1, 'EN', 2, -1, 'AF', 'Afghanistan'),
(255, '2020-04-21 05:21:03', 1, '2020-04-21 05:21:03', 1, 1, -1, 'EN', 2, -1, 'AL', 'Albania'),
(256, '2020-04-21 05:21:03', 1, '2020-04-21 05:21:03', 1, 1, -1, 'EN', 2, -1, 'DZ', 'Algeria'),
(257, '2020-04-21 05:21:03', 1, '2020-04-21 05:21:03', 1, 1, -1, 'EN', 2, -1, 'AS', 'American Samoa'),
(258, '2020-04-21 05:21:03', 1, '2020-04-21 05:21:03', 1, 1, -1, 'EN', 2, -1, 'AD', 'Andorra'),
(259, '2020-04-21 05:21:03', 1, '2020-04-21 05:21:03', 1, 1, -1, 'EN', 2, -1, 'AO', 'Angola'),
(260, '2020-04-21 05:21:03', 1, '2020-04-21 05:21:03', 1, 1, -1, 'EN', 2, -1, 'AI', 'Anguilla'),
(261, '2020-04-21 05:21:03', 1, '2020-04-21 05:21:03', 1, 1, -1, 'EN', 2, -1, 'AQ', 'Antarctica'),
(262, '2020-04-21 05:21:03', 1, '2020-04-21 05:21:03', 1, 1, -1, 'EN', 2, -1, 'AG', 'Antigua and Barbuda'),
(263, '2020-04-21 05:21:03', 1, '2020-04-21 05:21:03', 1, 1, -1, 'EN', 2, -1, 'AR', 'Argentina'),
(264, '2020-04-21 05:21:03', 1, '2020-04-21 05:21:03', 1, 1, -1, 'EN', 2, -1, 'AM', 'Armenia'),
(265, '2020-04-21 05:21:03', 1, '2020-04-21 05:21:03', 1, 1, -1, 'EN', 2, -1, 'AW', 'Aruba'),
(266, '2020-04-21 05:21:03', 1, '2020-04-21 05:21:03', 1, 1, -1, 'EN', 2, -1, 'AU', 'Australia'),
(267, '2020-04-21 05:21:03', 1, '2020-04-21 05:21:03', 1, 1, -1, 'EN', 2, -1, 'AT', 'Austria'),
(268, '2020-04-21 05:21:03', 1, '2020-04-21 05:21:03', 1, 1, -1, 'EN', 2, -1, 'AZ', 'Azerbaijan'),
(269, '2020-04-21 05:21:03', 1, '2020-04-21 05:21:03', 1, 1, -1, 'EN', 2, -1, 'BS', 'Bahamas (the)'),
(270, '2020-04-21 05:21:03', 1, '2020-04-21 05:21:03', 1, 1, -1, 'EN', 2, -1, 'BH', 'Bahrain'),
(271, '2020-04-21 05:21:03', 1, '2020-04-21 05:21:03', 1, 1, -1, 'EN', 2, -1, 'BD', 'Bangladesh'),
(272, '2020-04-21 05:21:03', 1, '2020-04-21 05:21:03', 1, 1, -1, 'EN', 2, -1, 'BB', 'Barbados'),
(273, '2020-04-21 05:21:03', 1, '2020-04-21 05:21:03', 1, 1, -1, 'EN', 2, -1, 'BY', 'Belarus'),
(274, '2020-04-21 05:21:03', 1, '2020-04-21 05:21:03', 1, 1, -1, 'EN', 2, -1, 'BE', 'Belgium'),
(275, '2020-04-21 05:21:03', 1, '2020-04-21 05:21:03', 1, 1, -1, 'EN', 2, -1, 'BZ', 'Belize'),
(276, '2020-04-21 05:21:03', 1, '2020-04-21 05:21:03', 1, 1, -1, 'EN', 2, -1, 'BJ', 'Benin'),
(277, '2020-04-21 05:21:03', 1, '2020-04-21 05:21:03', 1, 1, -1, 'EN', 2, -1, 'BM', 'Bermuda'),
(278, '2020-04-21 05:21:03', 1, '2020-04-21 05:21:03', 1, 1, -1, 'EN', 2, -1, 'BT', 'Bhutan'),
(279, '2020-04-21 05:21:03', 1, '2020-04-21 05:21:03', 1, 1, -1, 'EN', 2, -1, 'BO', 'Bolivia (Plurinational State of)'),
(280, '2020-04-21 05:21:03', 1, '2020-04-21 05:21:03', 1, 1, -1, 'EN', 2, -1, 'BQ', 'Bonaire - Sint Eustatius and Saba'),
(281, '2020-04-21 05:21:03', 1, '2020-04-21 05:21:03', 1, 1, -1, 'EN', 2, -1, 'BA', 'Bosnia and Herzegovina'),
(282, '2020-04-21 05:21:03', 1, '2020-04-21 05:21:03', 1, 1, -1, 'EN', 2, -1, 'BW', 'Botswana'),
(283, '2020-04-21 05:21:03', 1, '2020-04-21 05:21:03', 1, 1, -1, 'EN', 2, -1, 'BV', 'Bouvet Island'),
(284, '2020-04-21 05:21:03', 1, '2020-04-21 05:21:03', 1, 1, -1, 'EN', 2, -1, 'BR', 'Brazil'),
(285, '2020-04-21 05:21:03', 1, '2020-04-21 05:21:03', 1, 1, -1, 'EN', 2, -1, 'IO', 'British Indian Ocean Territory (the)'),
(286, '2020-04-21 05:21:03', 1, '2020-04-21 05:21:03', 1, 1, -1, 'EN', 2, -1, 'BN', 'Brunei Darussalam'),
(287, '2020-04-21 05:21:03', 1, '2020-04-21 05:21:03', 1, 1, -1, 'EN', 2, -1, 'BG', 'Bulgaria'),
(288, '2020-04-21 05:21:03', 1, '2020-04-21 05:21:03', 1, 1, -1, 'EN', 2, -1, 'BF', 'Burkina Faso'),
(289, '2020-04-21 05:21:03', 1, '2020-04-21 05:21:03', 1, 1, -1, 'EN', 2, -1, 'BI', 'Burundi'),
(290, '2020-04-21 05:21:03', 1, '2020-04-21 05:21:03', 1, 1, -1, 'EN', 2, -1, 'CV', 'Cabo Verde'),
(291, '2020-04-21 05:21:03', 1, '2020-04-21 05:21:03', 1, 1, -1, 'EN', 2, -1, 'KH', 'Cambodia'),
(292, '2020-04-21 05:21:03', 1, '2020-04-21 05:21:03', 1, 1, -1, 'EN', 2, -1, 'CM', 'Cameroon'),
(293, '2020-04-21 05:21:03', 1, '2020-04-21 05:21:03', 1, 1, -1, 'EN', 2, -1, 'CA', 'Canada'),
(294, '2020-04-21 05:21:03', 1, '2020-04-21 05:21:03', 1, 1, -1, 'EN', 2, -1, 'KY', 'Cayman Islands (the)'),
(295, '2020-04-21 05:21:03', 1, '2020-04-21 05:21:03', 1, 1, -1, 'EN', 2, -1, 'CF', 'Central African Republic (the)'),
(296, '2020-04-21 05:21:03', 1, '2020-04-21 05:21:03', 1, 1, -1, 'EN', 2, -1, 'TD', 'Chad'),
(297, '2020-04-21 05:21:03', 1, '2020-04-21 05:21:03', 1, 1, -1, 'EN', 2, -1, 'CL', 'Chile'),
(298, '2020-04-21 05:21:03', 1, '2020-04-21 05:21:03', 1, 1, -1, 'EN', 2, -1, 'CN', 'China'),
(299, '2020-04-21 05:21:03', 1, '2020-04-21 05:21:03', 1, 1, -1, 'EN', 2, -1, 'CX', 'Christmas Island'),
(300, '2020-04-21 05:21:03', 1, '2020-04-21 05:21:03', 1, 1, -1, 'EN', 2, -1, 'CC', 'Cocos (Keeling) Islands (the)'),
(301, '2020-04-21 05:21:03', 1, '2020-04-21 05:21:03', 1, 1, -1, 'EN', 2, -1, 'CO', 'Colombia'),
(302, '2020-04-21 05:21:03', 1, '2020-04-21 05:21:03', 1, 1, -1, 'EN', 2, -1, 'KM', 'Comoros (the)'),
(303, '2020-04-21 05:21:03', 1, '2020-04-21 05:21:03', 1, 1, -1, 'EN', 2, -1, 'CD', 'Congo (the Democratic Republic of the)'),
(304, '2020-04-21 05:21:03', 1, '2020-04-21 05:21:03', 1, 1, -1, 'EN', 2, -1, 'CG', 'Congo (the)'),
(305, '2020-04-21 05:21:03', 1, '2020-04-21 05:21:03', 1, 1, -1, 'EN', 2, -1, 'CK', 'Cook Islands (the)'),
(306, '2020-04-21 05:21:03', 1, '2020-04-21 05:21:03', 1, 1, -1, 'EN', 2, -1, 'CR', 'Costa Rica'),
(307, '2020-04-21 05:21:03', 1, '2020-04-21 05:21:03', 1, 1, -1, 'EN', 2, -1, 'HR', 'Croatia'),
(308, '2020-04-21 05:21:03', 1, '2020-04-21 05:21:03', 1, 1, -1, 'EN', 2, -1, 'CU', 'Cuba'),
(309, '2020-04-21 05:21:03', 1, '2020-04-21 05:21:03', 1, 1, -1, 'EN', 2, -1, 'CW', 'Curaçao'),
(310, '2020-04-21 05:21:03', 1, '2020-04-21 05:21:03', 1, 1, -1, 'EN', 2, -1, 'CY', 'Cyprus'),
(311, '2020-04-21 05:21:03', 1, '2020-04-21 05:21:03', 1, 1, -1, 'EN', 2, -1, 'CZ', 'Czechia'),
(312, '2020-04-21 05:21:03', 1, '2020-04-21 05:21:03', 1, 1, -1, 'EN', 2, -1, 'CI', 'Côte d`Ivoire'),
(313, '2020-04-21 05:21:03', 1, '2020-04-21 05:21:03', 1, 1, -1, 'EN', 2, -1, 'DK', 'Denmark'),
(314, '2020-04-21 05:21:03', 1, '2020-04-21 05:21:03', 1, 1, -1, 'EN', 2, -1, 'DJ', 'Djibouti'),
(315, '2020-04-21 05:21:03', 1, '2020-04-21 05:21:03', 1, 1, -1, 'EN', 2, -1, 'DM', 'Dominica'),
(316, '2020-04-21 05:21:03', 1, '2020-04-21 05:21:03', 1, 1, -1, 'EN', 2, -1, 'DO', 'Dominican Republic (the)'),
(317, '2020-04-21 05:21:03', 1, '2020-04-21 05:21:03', 1, 1, -1, 'EN', 2, -1, 'EC', 'Ecuador'),
(318, '2020-04-21 05:21:03', 1, '2020-04-21 05:21:03', 1, 1, -1, 'EN', 2, -1, 'EG', 'Egypt'),
(319, '2020-04-21 05:21:03', 1, '2020-04-21 05:21:03', 1, 1, -1, 'EN', 2, -1, 'SV', 'El Salvador'),
(320, '2020-04-21 05:21:03', 1, '2020-04-21 05:21:03', 1, 1, -1, 'EN', 2, -1, 'GQ', 'Equatorial Guinea'),
(321, '2020-04-21 05:21:03', 1, '2020-04-21 05:21:03', 1, 1, -1, 'EN', 2, -1, 'ER', 'Eritrea'),
(322, '2020-04-21 05:21:03', 1, '2020-04-21 05:21:03', 1, 1, -1, 'EN', 2, -1, 'EE', 'Estonia'),
(323, '2020-04-21 05:21:03', 1, '2020-04-21 05:21:03', 1, 1, -1, 'EN', 2, -1, 'SZ', 'Eswatini'),
(324, '2020-04-21 05:21:03', 1, '2020-04-21 05:21:03', 1, 1, -1, 'EN', 2, -1, 'ET', 'Ethiopia'),
(325, '2020-04-21 05:21:03', 1, '2020-04-21 05:21:03', 1, 1, -1, 'EN', 2, -1, 'FK', 'Falkland Islands (the)'),
(326, '2020-04-21 05:21:03', 1, '2020-04-21 05:21:03', 1, 1, -1, 'EN', 2, -1, 'FO', 'Faroe Islands (the)'),
(327, '2020-04-21 05:21:03', 1, '2020-04-21 05:21:03', 1, 1, -1, 'EN', 2, -1, 'FJ', 'Fiji'),
(328, '2020-04-21 05:21:04', 1, '2020-04-21 05:21:04', 1, 1, -1, 'EN', 2, -1, 'FI', 'Finland'),
(329, '2020-04-21 05:21:04', 1, '2020-04-21 05:21:04', 1, 1, -1, 'EN', 2, -1, 'FR', 'France'),
(330, '2020-04-21 05:21:04', 1, '2020-04-21 05:21:04', 1, 1, -1, 'EN', 2, -1, 'GF', 'French Guiana'),
(331, '2020-04-21 05:21:04', 1, '2020-04-21 05:21:04', 1, 1, -1, 'EN', 2, -1, 'PF', 'French Polynesia'),
(332, '2020-04-21 05:21:04', 1, '2020-04-21 05:21:04', 1, 1, -1, 'EN', 2, -1, 'TF', 'French Southern Territories (the)'),
(333, '2020-04-21 05:21:04', 1, '2020-04-21 05:21:04', 1, 1, -1, 'EN', 2, -1, 'GA', 'Gabon'),
(334, '2020-04-21 05:21:04', 1, '2020-04-21 05:21:04', 1, 1, -1, 'EN', 2, -1, 'GM', 'Gambia (the)'),
(335, '2020-04-21 05:21:04', 1, '2020-04-21 05:21:04', 1, 1, -1, 'EN', 2, -1, 'GE', 'Georgia'),
(336, '2020-04-21 05:21:04', 1, '2020-04-21 05:21:04', 1, 1, -1, 'EN', 2, -1, 'DE', 'Germany'),
(337, '2020-04-21 05:21:04', 1, '2020-04-21 05:21:04', 1, 1, -1, 'EN', 2, -1, 'GH', 'Ghana'),
(338, '2020-04-21 05:21:04', 1, '2020-04-21 05:21:04', 1, 1, -1, 'EN', 2, -1, 'GI', 'Gibraltar'),
(339, '2020-04-21 05:21:04', 1, '2020-04-21 05:21:04', 1, 1, -1, 'EN', 2, -1, 'GR', 'Greece'),
(340, '2020-04-21 05:21:04', 1, '2020-04-21 05:21:04', 1, 1, -1, 'EN', 2, -1, 'GL', 'Greenland'),
(341, '2020-04-21 05:21:04', 1, '2020-04-21 05:21:04', 1, 1, -1, 'EN', 2, -1, 'GD', 'Grenada'),
(342, '2020-04-21 05:21:04', 1, '2020-04-21 05:21:04', 1, 1, -1, 'EN', 2, -1, 'GP', 'Guadeloupe'),
(343, '2020-04-21 05:21:04', 1, '2020-04-21 05:21:04', 1, 1, -1, 'EN', 2, -1, 'GU', 'Guam'),
(344, '2020-04-21 05:21:04', 1, '2020-04-21 05:21:04', 1, 1, -1, 'EN', 2, -1, 'GT', 'Guatemala'),
(345, '2020-04-21 05:21:04', 1, '2020-04-21 05:21:04', 1, 1, -1, 'EN', 2, -1, 'GG', 'Guernsey'),
(346, '2020-04-21 05:21:04', 1, '2020-04-21 05:21:04', 1, 1, -1, 'EN', 2, -1, 'GN', 'Guinea'),
(347, '2020-04-21 05:21:04', 1, '2020-04-21 05:21:04', 1, 1, -1, 'EN', 2, -1, 'GW', 'Guinea-Bissau'),
(348, '2020-04-21 05:21:04', 1, '2020-04-21 05:21:04', 1, 1, -1, 'EN', 2, -1, 'GY', 'Guyana'),
(349, '2020-04-21 05:21:04', 1, '2020-04-21 05:21:04', 1, 1, -1, 'EN', 2, -1, 'HT', 'Haiti'),
(350, '2020-04-21 05:21:04', 1, '2020-04-21 05:21:04', 1, 1, -1, 'EN', 2, -1, 'HM', 'Heard Island and McDonald Islands'),
(351, '2020-04-21 05:21:04', 1, '2020-04-21 05:21:04', 1, 1, -1, 'EN', 2, -1, 'VA', 'Holy See (the)'),
(352, '2020-04-21 05:21:04', 1, '2020-04-21 05:21:04', 1, 1, -1, 'EN', 2, -1, 'HN', 'Honduras'),
(353, '2020-04-21 05:21:04', 1, '2020-04-21 05:21:04', 1, 1, -1, 'EN', 2, -1, 'HK', 'Hong Kong'),
(354, '2020-04-21 05:21:04', 1, '2020-04-21 05:21:04', 1, 1, -1, 'EN', 2, -1, 'HU', 'Hungary'),
(355, '2020-04-21 05:21:04', 1, '2020-04-21 05:21:04', 1, 1, -1, 'EN', 2, -1, 'IS', 'Iceland'),
(356, '2020-04-21 05:21:04', 1, '2020-04-21 05:21:04', 1, 1, -1, 'EN', 2, -1, 'IN', 'India'),
(357, '2020-04-21 05:21:04', 1, '2020-04-21 05:21:04', 1, 1, -1, 'EN', 2, -1, 'ID', 'Indonesia'),
(358, '2020-04-21 05:21:04', 1, '2020-04-21 05:21:04', 1, 1, -1, 'EN', 2, -1, 'IR', 'Iran (Islamic Republic of)'),
(359, '2020-04-21 05:21:04', 1, '2020-04-21 05:21:04', 1, 1, -1, 'EN', 2, -1, 'IQ', 'Iraq'),
(360, '2020-04-21 05:21:04', 1, '2020-04-21 05:21:04', 1, 1, -1, 'EN', 2, -1, 'IE', 'Ireland'),
(361, '2020-04-21 05:21:04', 1, '2020-04-21 05:21:04', 1, 1, -1, 'EN', 2, -1, 'IM', 'Isle of Man'),
(362, '2020-04-21 05:21:04', 1, '2020-04-21 05:21:04', 1, 1, -1, 'EN', 2, -1, 'IL', 'Israel'),
(363, '2020-04-21 05:21:04', 1, '2020-04-21 05:21:04', 1, 1, -1, 'EN', 2, -1, 'IT', 'Italy'),
(364, '2020-04-21 05:21:04', 1, '2020-04-21 05:21:04', 1, 1, -1, 'EN', 2, -1, 'JM', 'Jamaica'),
(365, '2020-04-21 05:21:04', 1, '2020-04-21 05:21:04', 1, 1, -1, 'EN', 2, -1, 'JP', 'Japan'),
(366, '2020-04-21 05:21:04', 1, '2020-04-21 05:21:04', 1, 1, -1, 'EN', 2, -1, 'JE', 'Jersey'),
(367, '2020-04-21 05:21:04', 1, '2020-04-21 05:21:04', 1, 1, -1, 'EN', 2, -1, 'JO', 'Jordan'),
(368, '2020-04-21 05:21:04', 1, '2020-04-21 05:21:04', 1, 1, -1, 'EN', 2, -1, 'KZ', 'Kazakhstan'),
(369, '2020-04-21 05:21:04', 1, '2020-04-21 05:21:04', 1, 1, -1, 'EN', 2, -1, 'KE', 'Kenya'),
(370, '2020-04-21 05:21:04', 1, '2020-04-21 05:21:04', 1, 1, -1, 'EN', 2, -1, 'KI', 'Kiribati'),
(371, '2020-04-21 05:21:04', 1, '2020-04-21 05:21:04', 1, 1, -1, 'EN', 2, -1, 'KP', 'Korea (the Democratic People`s Republic of)'),
(372, '2020-04-21 05:21:04', 1, '2020-04-21 05:21:04', 1, 1, -1, 'EN', 2, -1, 'KR', 'Korea (the Republic of)'),
(373, '2020-04-21 05:21:04', 1, '2020-04-21 05:21:04', 1, 1, -1, 'EN', 2, -1, 'KW', 'Kuwait'),
(374, '2020-04-21 05:21:04', 1, '2020-04-21 05:21:04', 1, 1, -1, 'EN', 2, -1, 'KG', 'Kyrgyzstan'),
(375, '2020-04-21 05:21:04', 1, '2020-04-21 05:21:04', 1, 1, -1, 'EN', 2, -1, 'LA', 'Lao People`s Democratic Republic (the)'),
(376, '2020-04-21 05:21:04', 1, '2020-04-21 05:21:04', 1, 1, -1, 'EN', 2, -1, 'LV', 'Latvia'),
(377, '2020-04-21 05:21:04', 1, '2020-04-21 05:21:04', 1, 1, -1, 'EN', 2, -1, 'LB', 'Lebanon'),
(378, '2020-04-21 05:21:04', 1, '2020-04-21 05:21:04', 1, 1, -1, 'EN', 2, -1, 'LS', 'Lesotho'),
(379, '2020-04-21 05:21:04', 1, '2020-04-21 05:21:04', 1, 1, -1, 'EN', 2, -1, 'LR', 'Liberia'),
(380, '2020-04-21 05:21:04', 1, '2020-04-21 05:21:04', 1, 1, -1, 'EN', 2, -1, 'LY', 'Libya'),
(381, '2020-04-21 05:21:04', 1, '2020-04-21 05:21:04', 1, 1, -1, 'EN', 2, -1, 'LI', 'Liechtenstein'),
(382, '2020-04-21 05:21:04', 1, '2020-04-21 05:21:04', 1, 1, -1, 'EN', 2, -1, 'LT', 'Lithuania'),
(383, '2020-04-21 05:21:04', 1, '2020-04-21 05:21:04', 1, 1, -1, 'EN', 2, -1, 'LU', 'Luxembourg'),
(384, '2020-04-21 05:21:04', 1, '2020-04-21 05:21:04', 1, 1, -1, 'EN', 2, -1, 'MO', 'Macao'),
(385, '2020-04-21 05:21:04', 1, '2020-04-21 05:21:04', 1, 1, -1, 'EN', 2, -1, 'MG', 'Madagascar'),
(386, '2020-04-21 05:21:04', 1, '2020-04-21 05:21:04', 1, 1, -1, 'EN', 2, -1, 'MW', 'Malawi'),
(387, '2020-04-21 05:21:04', 1, '2020-04-21 05:21:04', 1, 1, -1, 'EN', 2, -1, 'MY', 'Malaysia'),
(388, '2020-04-21 05:21:04', 1, '2020-04-21 05:21:04', 1, 1, -1, 'EN', 2, -1, 'MV', 'Maldives'),
(389, '2020-04-21 05:21:04', 1, '2020-04-21 05:21:04', 1, 1, -1, 'EN', 2, -1, 'ML', 'Mali'),
(390, '2020-04-21 05:21:04', 1, '2020-04-21 05:21:04', 1, 1, -1, 'EN', 2, -1, 'MT', 'Malta'),
(391, '2020-04-21 05:21:04', 1, '2020-04-21 05:21:04', 1, 1, -1, 'EN', 2, -1, 'MH', 'Marshall Islands (the)'),
(392, '2020-04-21 05:21:04', 1, '2020-04-21 05:21:04', 1, 1, -1, 'EN', 2, -1, 'MQ', 'Martinique'),
(393, '2020-04-21 05:21:04', 1, '2020-04-21 05:21:04', 1, 1, -1, 'EN', 2, -1, 'MR', 'Mauritania'),
(394, '2020-04-21 05:21:04', 1, '2020-04-21 05:21:04', 1, 1, -1, 'EN', 2, -1, 'MU', 'Mauritius'),
(395, '2020-04-21 05:21:04', 1, '2020-04-21 05:21:04', 1, 1, -1, 'EN', 2, -1, 'YT', 'Mayotte'),
(396, '2020-04-21 05:21:04', 1, '2020-04-21 05:21:04', 1, 1, -1, 'EN', 2, -1, 'MX', 'Mexico'),
(397, '2020-04-21 05:21:04', 1, '2020-04-21 05:21:04', 1, 1, -1, 'EN', 2, -1, 'FM', 'Micronesia (Federated States of)'),
(398, '2020-04-21 05:21:04', 1, '2020-04-21 05:21:04', 1, 1, -1, 'EN', 2, -1, 'MD', 'Moldova (the Republic of)'),
(399, '2020-04-21 05:21:04', 1, '2020-04-21 05:21:04', 1, 1, -1, 'EN', 2, -1, 'MC', 'Monaco'),
(400, '2020-04-21 05:21:04', 1, '2020-04-21 05:21:04', 1, 1, -1, 'EN', 2, -1, 'MN', 'Mongolia'),
(401, '2020-04-21 05:21:04', 1, '2020-04-21 05:21:04', 1, 1, -1, 'EN', 2, -1, 'ME', 'Montenegro'),
(402, '2020-04-21 05:21:04', 1, '2020-04-21 05:21:04', 1, 1, -1, 'EN', 2, -1, 'MS', 'Montserrat'),
(403, '2020-04-21 05:21:04', 1, '2020-04-21 05:21:04', 1, 1, -1, 'EN', 2, -1, 'MA', 'Morocco'),
(404, '2020-04-21 05:21:04', 1, '2020-04-21 05:21:04', 1, 1, -1, 'EN', 2, -1, 'MZ', 'Mozambique'),
(405, '2020-04-21 05:21:04', 1, '2020-04-21 05:21:04', 1, 1, -1, 'EN', 2, -1, 'MM', 'Myanmar'),
(406, '2020-04-21 05:21:04', 1, '2020-04-21 05:21:04', 1, 1, -1, 'EN', 2, -1, 'NA', 'Namibia'),
(407, '2020-04-21 05:21:04', 1, '2020-04-21 05:21:04', 1, 1, -1, 'EN', 2, -1, 'NR', 'Nauru'),
(408, '2020-04-21 05:21:04', 1, '2020-04-21 05:21:04', 1, 1, -1, 'EN', 2, -1, 'NP', 'Nepal'),
(409, '2020-04-21 05:21:04', 1, '2020-04-21 05:21:04', 1, 1, -1, 'EN', 2, -1, 'NL', 'Netherlands (the)'),
(410, '2020-04-21 05:21:04', 1, '2020-04-21 05:21:04', 1, 1, -1, 'EN', 2, -1, 'NC', 'New Caledonia'),
(411, '2020-04-21 05:21:04', 1, '2020-04-21 05:21:04', 1, 1, -1, 'EN', 2, -1, 'NZ', 'New Zealand'),
(412, '2020-04-21 05:21:04', 1, '2020-04-21 05:21:04', 1, 1, -1, 'EN', 2, -1, 'NI', 'Nicaragua'),
(413, '2020-04-21 05:21:04', 1, '2020-04-21 05:21:04', 1, 1, -1, 'EN', 2, -1, 'NE', 'Niger (the)'),
(414, '2020-04-21 05:21:04', 1, '2020-04-21 05:21:04', 1, 1, -1, 'EN', 2, -1, 'NG', 'Nigeria'),
(415, '2020-04-21 05:21:04', 1, '2020-04-21 05:21:04', 1, 1, -1, 'EN', 2, -1, 'NU', 'Niue'),
(416, '2020-04-21 05:21:04', 1, '2020-04-21 05:21:04', 1, 1, -1, 'EN', 2, -1, 'NF', 'Norfolk Island'),
(417, '2020-04-21 05:21:04', 1, '2020-04-21 05:21:04', 1, 1, -1, 'EN', 2, -1, 'MP', 'Northern Mariana Islands (the)'),
(418, '2020-04-21 05:21:04', 1, '2020-04-21 05:21:04', 1, 1, -1, 'EN', 2, -1, 'NO', 'Norway'),
(419, '2020-04-21 05:21:04', 1, '2020-04-21 05:21:04', 1, 1, -1, 'EN', 2, -1, 'OM', 'Oman'),
(420, '2020-04-21 05:21:04', 1, '2020-04-21 05:21:04', 1, 1, -1, 'EN', 2, -1, 'PK', 'Pakistan'),
(421, '2020-04-21 05:21:04', 1, '2020-04-21 05:21:04', 1, 1, -1, 'EN', 2, -1, 'PW', 'Palau'),
(422, '2020-04-21 05:21:04', 1, '2020-04-21 05:21:04', 1, 1, -1, 'EN', 2, -1, 'PS', 'Palestine (State of)'),
(423, '2020-04-21 05:21:04', 1, '2020-04-21 05:21:04', 1, 1, -1, 'EN', 2, -1, 'PA', 'Panama'),
(424, '2020-04-21 05:21:04', 1, '2020-04-21 05:21:04', 1, 1, -1, 'EN', 2, -1, 'PG', 'Papua New Guinea'),
(425, '2020-04-21 05:21:04', 1, '2020-04-21 05:21:04', 1, 1, -1, 'EN', 2, -1, 'PY', 'Paraguay'),
(426, '2020-04-21 05:21:04', 1, '2020-04-21 05:21:04', 1, 1, -1, 'EN', 2, -1, 'PE', 'Peru'),
(427, '2020-04-21 05:21:04', 1, '2020-04-21 05:21:04', 1, 1, -1, 'EN', 2, -1, 'PH', 'Philippines (the)'),
(428, '2020-04-21 05:21:04', 1, '2020-04-21 05:21:04', 1, 1, -1, 'EN', 2, -1, 'PN', 'Pitcairn'),
(429, '2020-04-21 05:21:04', 1, '2020-04-21 05:21:04', 1, 1, -1, 'EN', 2, -1, 'PL', 'Poland'),
(430, '2020-04-21 05:21:04', 1, '2020-04-21 05:21:04', 1, 1, -1, 'EN', 2, -1, 'PT', 'Portugal'),
(431, '2020-04-21 05:21:04', 1, '2020-04-21 05:21:04', 1, 1, -1, 'EN', 2, -1, 'PR', 'Puerto Rico'),
(432, '2020-04-21 05:21:04', 1, '2020-04-21 05:21:04', 1, 1, -1, 'EN', 2, -1, 'QA', 'Qatar'),
(433, '2020-04-21 05:21:04', 1, '2020-04-21 05:21:04', 1, 1, -1, 'EN', 2, -1, 'MK', 'Republic of North Macedonia'),
(434, '2020-04-21 05:21:04', 1, '2020-04-21 05:21:04', 1, 1, -1, 'EN', 2, -1, 'RO', 'Romania'),
(435, '2020-04-21 05:21:04', 1, '2020-04-21 05:21:04', 1, 1, -1, 'EN', 2, -1, 'RU', 'Russian Federation (the)'),
(436, '2020-04-21 05:21:04', 1, '2020-04-21 05:21:04', 1, 1, -1, 'EN', 2, -1, 'RW', 'Rwanda'),
(437, '2020-04-21 05:21:04', 1, '2020-04-21 05:21:04', 1, 1, -1, 'EN', 2, -1, 'RE', 'Réunion'),
(438, '2020-04-21 05:21:04', 1, '2020-04-21 05:21:04', 1, 1, -1, 'EN', 2, -1, 'BL', 'Saint Barthélemy'),
(439, '2020-04-21 05:21:04', 1, '2020-04-21 05:21:04', 1, 1, -1, 'EN', 2, -1, 'SH', 'Saint Helena'),
(440, '2020-04-21 05:21:04', 1, '2020-04-21 05:21:04', 1, 1, -1, 'EN', 2, -1, 'Ascension and Tristan da Cunha', ''),
(441, '2020-04-21 05:21:04', 1, '2020-04-21 05:21:04', 1, 1, -1, 'EN', 2, -1, 'KN', 'Saint Kitts and Nevis'),
(442, '2020-04-21 05:21:04', 1, '2020-04-21 05:21:04', 1, 1, -1, 'EN', 2, -1, 'LC', 'Saint Lucia'),
(443, '2020-04-21 05:21:04', 1, '2020-04-21 05:21:04', 1, 1, -1, 'EN', 2, -1, 'MF', 'Saint Martin (French part)'),
(444, '2020-04-21 05:21:04', 1, '2020-04-21 05:21:04', 1, 1, -1, 'EN', 2, -1, 'PM', 'Saint Pierre and Miquelon'),
(445, '2020-04-21 05:21:04', 1, '2020-04-21 05:21:04', 1, 1, -1, 'EN', 2, -1, 'VC', 'Saint Vincent and the Grenadines'),
(446, '2020-04-21 05:21:04', 1, '2020-04-21 05:21:04', 1, 1, -1, 'EN', 2, -1, 'WS', 'Samoa'),
(447, '2020-04-21 05:21:04', 1, '2020-04-21 05:21:04', 1, 1, -1, 'EN', 2, -1, 'SM', 'San Marino'),
(448, '2020-04-21 05:21:04', 1, '2020-04-21 05:21:04', 1, 1, -1, 'EN', 2, -1, 'ST', 'Sao Tome and Principe'),
(449, '2020-04-21 05:21:04', 1, '2020-04-21 05:21:04', 1, 1, -1, 'EN', 2, -1, 'SA', 'Saudi Arabia'),
(450, '2020-04-21 05:21:04', 1, '2020-04-21 05:21:04', 1, 1, -1, 'EN', 2, -1, 'SN', 'Senegal'),
(451, '2020-04-21 05:21:04', 1, '2020-04-21 05:21:04', 1, 1, -1, 'EN', 2, -1, 'RS', 'Serbia'),
(452, '2020-04-21 05:21:04', 1, '2020-04-21 05:21:04', 1, 1, -1, 'EN', 2, -1, 'SC', 'Seychelles'),
(453, '2020-04-21 05:21:04', 1, '2020-04-21 05:21:04', 1, 1, -1, 'EN', 2, -1, 'SL', 'Sierra Leone'),
(454, '2020-04-21 05:21:04', 1, '2020-04-21 05:21:04', 1, 1, -1, 'EN', 2, -1, 'SG', 'Singapore'),
(455, '2020-04-21 05:21:04', 1, '2020-04-21 05:21:04', 1, 1, -1, 'EN', 2, -1, 'SX', 'Sint Maarten (Dutch part)'),
(456, '2020-04-21 05:21:04', 1, '2020-04-21 05:21:04', 1, 1, -1, 'EN', 2, -1, 'SK', 'Slovakia'),
(457, '2020-04-21 05:21:04', 1, '2020-04-21 05:21:04', 1, 1, -1, 'EN', 2, -1, 'SI', 'Slovenia'),
(458, '2020-04-21 05:21:04', 1, '2020-04-21 05:21:04', 1, 1, -1, 'EN', 2, -1, 'SB', 'Solomon Islands'),
(459, '2020-04-21 05:21:04', 1, '2020-04-21 05:21:04', 1, 1, -1, 'EN', 2, -1, 'SO', 'Somalia'),
(460, '2020-04-21 05:21:04', 1, '2020-04-21 05:21:04', 1, 1, -1, 'EN', 2, -1, 'ZA', 'South Africa'),
(461, '2020-04-21 05:21:04', 1, '2020-04-21 05:21:04', 1, 1, -1, 'EN', 2, -1, 'GS', 'South Georgia and the South Sandwich Islands'),
(462, '2020-04-21 05:21:04', 1, '2020-04-21 05:21:04', 1, 1, -1, 'EN', 2, -1, 'SS', 'South Sudan'),
(463, '2020-04-21 05:21:04', 1, '2020-04-21 05:21:04', 1, 1, -1, 'EN', 2, -1, 'ES', 'Spain'),
(464, '2020-04-21 05:21:04', 1, '2020-04-21 05:21:04', 1, 1, -1, 'EN', 2, -1, 'LK', 'Sri Lanka'),
(465, '2020-04-21 05:21:04', 1, '2020-04-21 05:21:04', 1, 1, -1, 'EN', 2, -1, 'SD', 'Sudan (the)'),
(466, '2020-04-21 05:21:04', 1, '2020-04-21 05:21:04', 1, 1, -1, 'EN', 2, -1, 'SR', 'Suriname'),
(467, '2020-04-21 05:21:04', 1, '2020-04-21 05:21:04', 1, 1, -1, 'EN', 2, -1, 'SJ', 'Svalbard and Jan Mayen'),
(468, '2020-04-21 05:21:04', 1, '2020-04-21 05:21:04', 1, 1, -1, 'EN', 2, -1, 'SE', 'Sweden'),
(469, '2020-04-21 05:21:04', 1, '2020-04-21 05:21:04', 1, 1, -1, 'EN', 2, -1, 'CH', 'Switzerland'),
(470, '2020-04-21 05:21:04', 1, '2020-04-21 05:21:04', 1, 1, -1, 'EN', 2, -1, 'SY', 'Syrian Arab Republic'),
(471, '2020-04-21 05:21:04', 1, '2020-04-21 05:21:04', 1, 1, -1, 'EN', 2, -1, 'TW', 'Taiwan'),
(472, '2020-04-21 05:21:04', 1, '2020-04-21 05:21:04', 1, 1, -1, 'EN', 2, -1, 'TJ', 'Tajikistan'),
(473, '2020-04-21 05:21:04', 1, '2020-04-21 05:21:04', 1, 1, -1, 'EN', 2, -1, 'TZ', 'Tanzania (United Republic of)'),
(474, '2020-04-21 05:21:04', 1, '2020-04-21 05:21:04', 1, 1, -1, 'EN', 2, -1, 'TH', 'Thailand'),
(475, '2020-04-21 05:21:04', 1, '2020-04-21 05:21:04', 1, 1, -1, 'EN', 2, -1, 'TL', 'Timor-Leste'),
(476, '2020-04-21 05:21:04', 1, '2020-04-21 05:21:04', 1, 1, -1, 'EN', 2, -1, 'TG', 'Togo'),
(477, '2020-04-21 05:21:04', 1, '2020-04-21 05:21:04', 1, 1, -1, 'EN', 2, -1, 'TK', 'Tokelau'),
(478, '2020-04-21 05:21:04', 1, '2020-04-21 05:21:04', 1, 1, -1, 'EN', 2, -1, 'TO', 'Tonga'),
(479, '2020-04-21 05:21:04', 1, '2020-04-21 05:21:04', 1, 1, -1, 'EN', 2, -1, 'TT', 'Trinidad and Tobago'),
(480, '2020-04-21 05:21:04', 1, '2020-04-21 05:21:04', 1, 1, -1, 'EN', 2, -1, 'TN', 'Tunisia'),
(481, '2020-04-21 05:21:04', 1, '2020-04-21 05:21:04', 1, 1, -1, 'EN', 2, -1, 'TR', 'Turkey'),
(482, '2020-04-21 05:21:04', 1, '2020-04-21 05:21:04', 1, 1, -1, 'EN', 2, -1, 'TM', 'Turkmenistan'),
(483, '2020-04-21 05:21:04', 1, '2020-04-21 05:21:04', 1, 1, -1, 'EN', 2, -1, 'TC', 'Turks and Caicos Islands (the)'),
(484, '2020-04-21 05:21:04', 1, '2020-04-21 05:21:04', 1, 1, -1, 'EN', 2, -1, 'TV', 'Tuvalu'),
(485, '2020-04-21 05:21:04', 1, '2020-04-21 05:21:04', 1, 1, -1, 'EN', 2, -1, 'UG', 'Uganda'),
(486, '2020-04-21 05:21:04', 1, '2020-04-21 05:21:04', 1, 1, -1, 'EN', 2, -1, 'UA', 'Ukraine'),
(487, '2020-04-21 05:21:04', 1, '2020-04-21 05:21:04', 1, 1, -1, 'EN', 2, -1, 'AE', 'United Arab Emirates (the)'),
(488, '2020-04-21 05:21:04', 1, '2020-04-21 05:21:04', 1, 1, -1, 'EN', 2, -1, 'GB', 'United Kingdom of Great Britain and Northern Ireland (the)'),
(489, '2020-04-21 05:21:04', 1, '2020-04-21 05:21:04', 1, 1, -1, 'EN', 2, -1, 'UM', 'United States Minor Outlying Islands (the)'),
(490, '2020-04-21 05:21:04', 1, '2020-04-21 05:21:04', 1, 1, -1, 'EN', 2, -1, 'US', 'United States of America (the)'),
(491, '2020-04-21 05:21:04', 1, '2020-04-21 05:21:04', 1, 1, -1, 'EN', 2, -1, 'UY', 'Uruguay'),
(492, '2020-04-21 05:21:04', 1, '2020-04-21 05:21:04', 1, 1, -1, 'EN', 2, -1, 'UZ', 'Uzbekistan'),
(493, '2020-04-21 05:21:04', 1, '2020-04-21 05:21:04', 1, 1, -1, 'EN', 2, -1, 'VU', 'Vanuatu');
INSERT INTO `key_entry` (`id`, `created`, `created_by`, `modified`, `modified_by`, `status`, `tenant_id`, `lang`, `key_type_id`, `resolved_type_id`, `data_key`, `data_value`) VALUES
(494, '2020-04-21 05:21:04', 1, '2020-04-21 05:21:04', 1, 1, -1, 'EN', 2, -1, 'VE', 'Venezuela (Bolivarian Republic of)'),
(495, '2020-04-21 05:21:04', 1, '2020-04-21 05:21:04', 1, 1, -1, 'EN', 2, -1, 'VN', 'Viet Nam'),
(496, '2020-04-21 05:21:04', 1, '2020-04-21 05:21:04', 1, 1, -1, 'EN', 2, -1, 'VG', 'Virgin Islands (British)'),
(497, '2020-04-21 05:21:04', 1, '2020-04-21 05:21:04', 1, 1, -1, 'EN', 2, -1, 'VI', 'Virgin Islands (U.S.)'),
(498, '2020-04-21 05:21:04', 1, '2020-04-21 05:21:04', 1, 1, -1, 'EN', 2, -1, 'WF', 'Wallis and Futuna'),
(499, '2020-04-21 05:21:04', 1, '2020-04-21 05:21:04', 1, 1, -1, 'EN', 2, -1, 'EH', 'Western Sahara'),
(500, '2020-04-21 05:21:04', 1, '2020-04-21 05:21:04', 1, 1, -1, 'EN', 2, -1, 'YE', 'Yemen'),
(501, '2020-04-21 05:21:04', 1, '2020-04-21 05:21:04', 1, 1, -1, 'EN', 2, -1, 'ZM', 'Zambia'),
(502, '2020-04-21 05:21:04', 1, '2020-04-21 05:21:04', 1, 1, -1, 'EN', 2, -1, 'ZW', 'Zimbabwe'),
(503, '2020-04-21 05:21:04', 1, '2020-04-21 05:21:04', 1, 1, -1, 'EN', 2, -1, 'AX', 'Åland Islands'),
(504, '2020-04-21 05:21:04', 1, '2020-04-21 05:21:04', 1, 1, -1, 'EN', 3, -1, '1', 'January'),
(505, '2020-04-21 05:21:04', 1, '2020-04-21 05:21:04', 1, 1, -1, 'EN', 3, -1, '2', 'February'),
(506, '2020-04-21 05:21:04', 1, '2020-04-21 05:21:04', 1, 1, -1, 'EN', 3, -1, '3', 'March'),
(507, '2020-04-21 05:21:04', 1, '2020-04-21 05:21:04', 1, 1, -1, 'EN', 3, -1, '4', 'April'),
(508, '2020-04-21 05:21:04', 1, '2020-04-21 05:21:04', 1, 1, -1, 'EN', 3, -1, '5', 'May'),
(509, '2020-04-21 05:21:04', 1, '2020-04-21 05:21:04', 1, 1, -1, 'EN', 3, -1, '6', 'June'),
(510, '2020-04-21 05:21:04', 1, '2020-04-21 05:21:04', 1, 1, -1, 'EN', 3, -1, '7', 'July'),
(511, '2020-04-21 05:21:04', 1, '2020-04-21 05:21:04', 1, 1, -1, 'EN', 3, -1, '8', 'August'),
(512, '2020-04-21 05:21:04', 1, '2020-04-21 05:21:04', 1, 1, -1, 'EN', 3, -1, '9', 'September'),
(513, '2020-04-21 05:21:04', 1, '2020-04-21 05:21:04', 1, 1, -1, 'EN', 3, -1, '10', 'October'),
(514, '2020-04-21 05:21:04', 1, '2020-04-21 05:21:04', 1, 1, -1, 'EN', 3, -1, '11', 'November'),
(515, '2020-04-21 05:21:04', 1, '2020-04-21 05:21:04', 1, 1, -1, 'EN', 3, -1, '12', 'December'),
(516, '2020-04-21 05:27:37', 1, '2020-04-21 05:27:37', 1, 1, -1, 'EN', 4, -1, '1', 'Monday'),
(517, '2020-04-21 05:27:37', 1, '2020-04-21 05:27:37', 1, 1, -1, 'EN', 4, -1, '2', 'Tuesday'),
(518, '2020-04-21 05:27:37', 1, '2020-04-21 05:27:37', 1, 1, -1, 'EN', 4, -1, '3', 'Wednesday'),
(519, '2020-04-21 05:27:37', 1, '2020-04-21 05:27:37', 1, 1, -1, 'EN', 4, -1, '4', 'Thursday'),
(520, '2020-04-21 05:27:37', 1, '2020-04-21 05:27:37', 1, 1, -1, 'EN', 4, -1, '5', 'Friday'),
(521, '2020-04-21 05:27:37', 1, '2020-04-21 05:27:37', 1, 1, -1, 'EN', 4, -1, '6', 'Saturday'),
(522, '2020-04-21 05:27:37', 1, '2020-04-21 05:27:37', 1, 1, -1, 'EN', 4, -1, '7', 'Sunday'),
(523, '2020-04-21 05:27:37', 1, '2020-04-21 05:27:37', 1, 1, -1, 'EN', 5, -1, '1', 'Single'),
(524, '2020-04-21 05:27:37', 1, '2020-04-21 05:27:37', 1, 1, -1, 'EN', 5, -1, '2', 'Married'),
(525, '2020-04-21 05:27:37', 1, '2020-04-21 05:27:37', 1, 1, -1, 'EN', 5, -1, '3', 'Seperated'),
(526, '2020-04-21 05:27:37', 1, '2020-04-21 05:27:37', 1, 1, -1, 'EN', 5, -1, '4', 'Divorced'),
(527, '2020-04-21 05:28:16', 1, '2020-04-21 05:28:16', 1, 1, -1, 'EN', 6, -1, '1', 'Male'),
(528, '2020-04-21 05:28:16', 1, '2020-04-21 05:28:16', 1, 1, -1, 'EN', 6, -1, '2', 'Female'),
(529, '2020-04-21 05:28:16', 1, '2020-04-21 05:28:16', 1, 1, -1, 'EN', 6, -1, '3', 'Other'),
(530, '2020-04-21 05:28:16', 1, '2020-04-21 05:28:16', 1, 1, -1, 'EN', 6, -1, '4', 'Prefer not to say'),
(531, '2020-04-21 05:28:50', 1, '2020-04-21 05:28:50', 1, 1, -1, 'EN', 7, -1, '1', '\r\nMr.'),
(532, '2020-04-21 05:28:50', 1, '2020-04-21 05:28:50', 1, 1, -1, 'EN', 7, -1, '2', '\r\nMrs.'),
(533, '2020-04-21 05:28:50', 1, '2020-04-21 05:28:50', 1, 1, -1, 'EN', 7, -1, '3', '\r\nMiss'),
(534, '2020-04-21 05:28:50', 1, '2020-04-21 05:28:50', 1, 1, -1, 'EN', 7, -1, '4', '\r\nDr.'),
(535, '2020-04-21 05:28:50', 1, '2020-04-21 05:28:50', 1, 1, -1, 'EN', 7, -1, '5', '\r\nMs.'),
(536, '2020-04-21 05:28:50', 1, '2020-04-21 05:28:50', 1, 1, -1, 'EN', 7, -1, '6', '\r\nProf.'),
(537, '2020-04-21 05:28:50', 1, '2020-04-21 05:28:50', 1, 1, -1, 'EN', 7, -1, '7', '\r\nRev.'),
(538, '2020-04-21 05:28:50', 1, '2020-04-21 05:28:50', 1, 1, -1, 'EN', 7, -1, '8', '\r\nLady'),
(539, '2020-04-21 05:28:50', 1, '2020-04-21 05:28:50', 1, 1, -1, 'EN', 7, -1, '9', '\r\nSir'),
(540, '2020-04-21 05:28:50', 1, '2020-04-21 05:28:50', 1, 1, -1, 'EN', 7, -1, '10', '\r\nCapt.'),
(541, '2020-04-21 05:28:50', 1, '2020-04-21 05:28:50', 1, 1, -1, 'EN', 7, -1, '11', '\r\nMajor'),
(542, '2020-04-21 05:28:50', 1, '2020-04-21 05:28:50', 1, 1, -1, 'EN', 7, -1, '12', '\r\nLt.-Col.'),
(543, '2020-04-21 05:28:50', 1, '2020-04-21 05:28:50', 1, 1, -1, 'EN', 7, -1, '13', '\r\nCol.'),
(544, '2020-04-21 05:28:50', 1, '2020-04-21 05:28:50', 1, 1, -1, 'EN', 7, -1, '14', '\r\nLady'),
(545, '2020-04-21 05:28:50', 1, '2020-04-21 05:28:50', 1, 1, -1, 'EN', 7, -1, '15', '\r\nLt.-Cmdr.'),
(546, '2020-04-21 05:28:50', 1, '2020-04-21 05:28:50', 1, 1, -1, 'EN', 7, -1, '16', '\r\nThe Hon.'),
(547, '2020-04-21 05:28:50', 1, '2020-04-21 05:28:50', 1, 1, -1, 'EN', 7, -1, '17', '\r\nCmdr.'),
(548, '2020-04-21 05:28:50', 1, '2020-04-21 05:28:50', 1, 1, -1, 'EN', 7, -1, '18', '\r\nFlt. Lt.'),
(549, '2020-04-21 05:28:50', 1, '2020-04-21 05:28:50', 1, 1, -1, 'EN', 7, -1, '19', '\r\nBrgdr.'),
(550, '2020-04-21 05:28:50', 1, '2020-04-21 05:28:50', 1, 1, -1, 'EN', 7, -1, '20', '\r\nJudge'),
(551, '2020-04-21 05:28:50', 1, '2020-04-21 05:28:50', 1, 1, -1, 'EN', 7, -1, '21', '\r\nLord'),
(552, '2020-04-21 05:28:50', 1, '2020-04-21 05:28:50', 1, 1, -1, 'EN', 7, -1, '22', '\r\nThe Hon. Mrs'),
(553, '2020-04-21 05:28:50', 1, '2020-04-21 05:28:50', 1, 1, -1, 'EN', 7, -1, '23', '\r\nWng. Cmdr.'),
(554, '2020-04-21 05:28:50', 1, '2020-04-21 05:28:50', 1, 1, -1, 'EN', 7, -1, '24', '\r\nGroup Capt.'),
(555, '2020-04-21 05:28:50', 1, '2020-04-21 05:28:50', 1, 1, -1, 'EN', 7, -1, '25', '\r\nRt. Hon. Lord'),
(556, '2020-04-21 05:28:50', 1, '2020-04-21 05:28:50', 1, 1, -1, 'EN', 7, -1, '26', '\r\nRevd. Father'),
(557, '2020-04-21 05:28:50', 1, '2020-04-21 05:28:50', 1, 1, -1, 'EN', 7, -1, '27', '\r\nRevd Canon'),
(558, '2020-04-21 05:28:50', 1, '2020-04-21 05:28:50', 1, 1, -1, 'EN', 7, -1, '28', '\r\nMaj.-Gen.'),
(559, '2020-04-21 05:28:50', 1, '2020-04-21 05:28:50', 1, 1, -1, 'EN', 7, -1, '29', '\r\nAir Cdre.'),
(560, '2020-04-21 05:28:50', 1, '2020-04-21 05:28:50', 1, 1, -1, 'EN', 7, -1, '30', '\r\nViscount'),
(561, '2020-04-21 05:28:50', 1, '2020-04-21 05:28:50', 1, 1, -1, 'EN', 7, -1, '31', '\r\nDame'),
(562, '2020-04-21 05:28:50', 1, '2020-04-21 05:28:50', 1, 1, -1, 'EN', 7, -1, '32', '\r\nRear Admrl.'),
(563, '2020-04-28 00:00:00', 1, '2020-04-28 00:00:00', 1, 1, -1, 'EN', 8, -1, '1', 'Daily\r\n'),
(564, '2020-04-28 00:00:00', 1, '2020-04-28 00:00:00', 1, 1, -1, 'EN', 8, -1, '2', 'Weekly\r\n'),
(565, '2020-04-28 00:00:00', 1, '2020-04-28 00:00:00', 1, 1, -1, 'EN', 8, -1, '3', 'Fortnightly'),
(566, '2020-04-28 00:00:00', 1, '2020-04-28 00:00:00', 1, 1, -1, 'EN', 8, -1, '4', 'Monthly'),
(567, '2020-04-28 00:00:00', 1, '2020-04-28 00:00:00', 1, 1, -1, 'EN', 8, -1, '5', 'Bi-Monthly'),
(568, '2020-04-28 00:00:00', 1, '2020-04-28 00:00:00', 1, 1, -1, 'EN', 8, -1, '6', 'Monthly'),
(569, '2020-04-28 00:00:00', 1, '2020-04-28 00:00:00', 1, 1, -1, 'EN', 8, -1, '7', 'Quarterly'),
(570, '2020-04-28 00:00:00', 1, '2020-04-28 00:00:00', 1, 1, -1, 'EN', 8, -1, '8', '6 Monthly'),
(571, '2020-04-28 00:00:00', 1, '2020-04-28 00:00:00', 1, 1, -1, 'EN', 8, -1, '9', 'Yearly');

-- --------------------------------------------------------

--
-- Table structure for table `key_type`
--

CREATE TABLE `key_type` (
  `id` int(11) NOT NULL,
  `status` tinyint(4) NOT NULL,
  `key_type_name` tinytext NOT NULL
) ENGINE=InnoDB DEFAULT CHARSET=utf8mb4;

--
-- Dumping data for table `key_type`
--

INSERT INTO `key_type` (`id`, `status`, `key_type_name`) VALUES
(1, 1, 'Countries'),
(2, 1, 'Countries Code'),
(3, 1, 'Months'),
(4, 1, 'Days'),
(5, 1, 'Martial Status'),
(6, 1, 'Gender'),
(7, 1, 'titles'),
(8, 1, 'Interval Periods');

-- --------------------------------------------------------

--
-- Table structure for table `language`
--

CREATE TABLE `language` (
  `id` int(11) NOT NULL,
  `tenant_id` int(11) NOT NULL,
  `page` tinytext NOT NULL,
  `subsection` tinytext NOT NULL,
  `language` varchar(2) NOT NULL,
  `elements` text NOT NULL
) ENGINE=InnoDB DEFAULT CHARSET=utf8mb4;

-- --------------------------------------------------------

--
-- Table structure for table `logger`
--

CREATE TABLE `logger` (
  `id` int(11) NOT NULL,
  `created` int(11) NOT NULL DEFAULT current_timestamp(),
  `filename` tinytext NOT NULL,
  `function` tinytext NOT NULL,
  `line` int(11) NOT NULL,
  `level` tinyint(4) NOT NULL,
  `description` tinytext NOT NULL,
  `debug_data` text NOT NULL
) ENGINE=InnoDB DEFAULT CHARSET=utf8mb4;

-- --------------------------------------------------------

--
-- Table structure for table `meta_table`
--

CREATE TABLE `meta_table` (
  `id` int(11) NOT NULL,
  `tenant_id` int(11) NOT NULL,
  `created` datetime NOT NULL,
  `created_by` int(11) NOT NULL,
  `status` tinyint(4) NOT NULL,
  `table_name` tinytext NOT NULL,
  `deployed` tinyint(4) NOT NULL
) ENGINE=InnoDB DEFAULT CHARSET=utf8mb4;

-- --------------------------------------------------------

--
-- Table structure for table `meta_table_field`
--

CREATE TABLE `meta_table_field` (
  `id` int(11) NOT NULL,
  `meta_table_id` int(11) NOT NULL,
  `field_name` tinytext NOT NULL,
  `field_type` tinytext NOT NULL,
  `caption` tinytext NOT NULL,
  `validation_type` tinytext NOT NULL,
  `default_value` tinytext NOT NULL,
  `link_field` tinytext NOT NULL,
  `sequence` int(11) NOT NULL,
  `mandatory` tinyint(4) NOT NULL
) ENGINE=InnoDB DEFAULT CHARSET=utf8mb4;

-- --------------------------------------------------------

--
-- Table structure for table `nodes`
--

CREATE TABLE `nodes` (
  `id` int(11) NOT NULL,
  `tenant_id` int(11) NOT NULL,
  `node_group_type` tinyint(4) NOT NULL,
  `parent_id` int(11) NOT NULL
) ENGINE=InnoDB DEFAULT CHARSET=utf8mb4;

-- --------------------------------------------------------

--
-- Table structure for table `person`
--

CREATE TABLE `person` (
  `id` int(11) NOT NULL,
  `created_by` int(11) NOT NULL,
  `created` datetime NOT NULL,
  `status` tinyint(4) NOT NULL,
  `tenant_id` int(11) NOT NULL,
  `first_name` tinytext NOT NULL,
  `middle_name` tinytext NOT NULL,
  `last_name` tinytext NOT NULL,
  `title` int(11) NOT NULL,
  `marital_status` int(11) NOT NULL,
  `address_id` int(11) NOT NULL,
  `mobile_number` tinytext NOT NULL,
  `email_address` tinytext NOT NULL,
  `password` tinytext NOT NULL,
  `role_type_id` int(11) NOT NULL,
  `post_type_id` int(11) NOT NULL,
  `default_venue` tinytext NOT NULL
) ENGINE=InnoDB DEFAULT CHARSET=utf8mb4;

--
-- Dumping data for table `person`
--

INSERT INTO `person` (`id`, `created_by`, `created`, `status`, `tenant_id`, `first_name`, `middle_name`, `last_name`, `title`, `marital_status`, `address_id`, `mobile_number`, `email_address`, `password`, `role_type_id`, `post_type_id`, `default_venue`) VALUES
(1, 1, '2020-04-22 00:00:00', 1, 1, 'Andrew', 'Roderick', 'Thwaites', 1, 1, 0, '07853070021', 'andrewthwaites@hotmail.com', 'Burgman400!', -1, 0, 'Kendal'),
(32, 2020, '0000-00-00 00:00:00', 1, 1, 'James', 'T', 'Kirk', 1, 1, 0, '07853070021', 'james.t.kirk@outlook.com', 'password123', -1, -1, 'hey'),
(33, 1, '2020-05-07 12:55:37', 1, 1, 'James', 'T', 'Kirk', 1, 1, 0, '07853070021', 'james.t.kirk@outlook.com', 'password123', -1, -1, 'hey'),
(34, 1, '2020-05-07 12:57:14', 1, 1, 'James', 'T', 'Kirk', 1, 1, 0, '07853070021', 'james.t.kirk@outlook.com', 'password123', -1, -1, 'howdy'),
(35, 1, '2020-05-07 12:58:04', 1, 1, 'Peter', 'T', 'Pan', 2, 2, 0, '01539728745', 'peterpan@outlook.com', 'password123', -1, -1, 'kendal');

-- --------------------------------------------------------

--
-- Table structure for table `ticket`
--

CREATE TABLE `ticket` (
  `id` int(11) NOT NULL,
  `instance_id` int(11) NOT NULL,
  `created` timestamp NOT NULL DEFAULT current_timestamp(),
  `created_by` int(11) NOT NULL,
  `user_id` int(11) NOT NULL,
  `user_name` tinytext NOT NULL,
  `user_email` tinytext NOT NULL,
  `user_phone` tinytext NOT NULL,
  `store_id` int(11) NOT NULL,
  `store_name` tinytext NOT NULL,
  `job_id` int(11) NOT NULL,
  `job_name` tinytext NOT NULL,
  `ticket_title` tinytext NOT NULL,
  `ticket_tile_revised` tinytext NOT NULL,
  `ticket_description` text NOT NULL,
  `ticket_description_revised` text NOT NULL,
  `url` tinytext NOT NULL,
  `priority` tinyint(4) NOT NULL,
  `comment` text NOT NULL,
  `current_status` tinyint(4) NOT NULL,
  `assigned_to` tinyint(4) NOT NULL
) ENGINE=InnoDB DEFAULT CHARSET=utf8mb4;

-- --------------------------------------------------------

--
-- Table structure for table `tp_entry`
--

CREATE TABLE `tp_entry` (
  `id` int(11) NOT NULL,
  `feature_id` int(11) NOT NULL,
  `tp_label` tinytext NOT NULL,
  `execution_time` int(11) NOT NULL,
  `created` datetime NOT NULL,
  `input_data` text NOT NULL,
  `output_data` int(11) NOT NULL
) ENGINE=InnoDB DEFAULT CHARSET=utf8mb4;

-- --------------------------------------------------------

--
-- Table structure for table `tp_feature`
--

CREATE TABLE `tp_feature` (
  `id` int(11) NOT NULL,
  `feature_title` tinytext NOT NULL,
  `feature_description` text NOT NULL,
  `module_name` tinytext NOT NULL,
  `sequence_order` int(11) NOT NULL
) ENGINE=InnoDB DEFAULT CHARSET=utf8mb4;

--
-- Dumping data for table `tp_feature`
--

INSERT INTO `tp_feature` (`id`, `feature_title`, `feature_description`, `module_name`, `sequence_order`) VALUES
(1, 'ACCOUNT_LOGIN', 'Account login, needed to obtain token and login_id to unquely identify user', 'ACCOUNT', 1),
(2, 'ACCOUNT_FORGOT_PASSWORD', 'forgot password url request', 'ACCOUNT', 1),
(3, 'ACCOUNT_FORGOT_PASSWORD_RESPONSE', 'forgot password accept new password', 'ACCOUNT', 1),
(4, 'ACCOUNT_CREATE', 'Create a new user account, available only to tenant admins', 'ACCOUNT', 4),
(5, 'ACCOUNT_CREATE_SAVE', 'Saves a new user account, available only to tenant admins', 'ACCOUNT', 5),
(6, 'ACCOUNT_UPDATE', 'Update an existing account', 'ACCOUNT', 6),
(7, 'ACCOUNT_LIST', 'Obtain a list of accounts based on search criteria', 'ACCOUNT', 7),
(8, 'ACCOUNT_DELETE', 'Delete account', 'ACCOUNT', 8),
(9, 'ACCOUNT_SECURITY_GET', 'Obtain account security settings of a given account', 'ACCOUNT', 9),
(10, 'ACCOUNT_SECURITY_UPDATE', 'Update account security settings of a given account', 'ACCOUNT', 10),
(11, 'CORE_GET_HTML_TEMPLATE', 'Obtain html rendered view for a given feature.', 'CORE', 1),
(12, 'LOCATION_LIST', 'Obtain a list of locations', 'LOCATION', 1),
(13, 'LOCATION_ADD', 'Add location', 'LOCATION', 2),
(14, 'LOCATION_UPDATE', 'Update an existing location', 'LOCATION', 3),
(15, 'LOCATION_DELETE', 'delete an existing location', 'LOCATION', 4),
(16, 'CHAT_LIST', 'List of chats for a given user', 'CHAT', 1),
(17, 'CHAT_LISTEN', 'obtain chats ', 'CHAT', 2),
(18, 'CHAT_SPEAK', 'add chat to conversation', 'CHAT', 3),
(19, 'CHAT_ADDRESS_BOOK', 'address book,  a list of address a person can access', 'CHAT', 4),
(20, 'CHAT_UPLOAD_DOCUMENT', 'chat document', 'CHAT', 5),
(21, 'COLLECTION_TYPES_GET', 'obtain a list collections types that match  given criteria', 'COLLECTION', 1),
(22, 'cOLLECTION_TYPES_GET', 'Create a collection type', 'COLLECTION', 2),
(23, 'COLLECTION_TYPE_CREATE', 'Create a collection type', 'COLLECTION', 3),
(24, 'COLLLECTION_TYPE_UPDATE', 'Update collection type', 'CHAT', 4),
(25, 'COLLECTION_TYPE_DELETE', 'Delete collection type', 'COLLECTION', 5),
(26, 'COLLECTION_RECORD_LIST', 'Obtain a list of records of given collection list', 'CHAT', 5),
(27, 'COLLECTION_RECORD_GET', 'Get collection type', 'CHAT', 5),
(28, 'COLLECTION_RECORD_ADD', 'Add collection record', 'CHAT', 6),
(29, 'COLLLECTION_TYPE_UPDATE', 'Update collection type', 'COLLECTION', 4),
(30, 'COLLLECTION_TYPE_UPDATE', 'Update collection type', 'COLLECTION', 4),
(31, 'ACCOUNT_LOGOFF', 'closes a session for a given user', 'ACCOUNT', 11);

-- --------------------------------------------------------

--
-- Table structure for table `tp_feature_test`
--

CREATE TABLE `tp_feature_test` (
  `id` int(11) NOT NULL,
  `feature_id` int(11) NOT NULL,
  `test_title` tinytext NOT NULL,
  `test_description` text NOT NULL,
  `input_data` text NOT NULL,
  `output_data` int(11) NOT NULL,
  `status` tinyint(4) NOT NULL,
  `sequence` int(11) NOT NULL,
  `tp_sequence` int(11) NOT NULL,
  `last_success` datetime NOT NULL,
  `success_count` int(11) NOT NULL,
  `fail_count` int(11) NOT NULL
) ENGINE=InnoDB DEFAULT CHARSET=utf8mb4;

--
-- Dumping data for table `tp_feature_test`
--

INSERT INTO `tp_feature_test` (`id`, `feature_id`, `test_title`, `test_description`, `input_data`, `output_data`, `status`, `sequence`, `tp_sequence`, `last_success`, `success_count`, `fail_count`) VALUES
(1, 31, 'Close account', 'Close account', '{\"login_id\":100000,\"token\":\"ABCDABCDABCDABCDABCDABCDABCDABCD\"}', 1, 1, 0, 0, '0000-00-00 00:00:00', 0, 0);

-- --------------------------------------------------------

--
-- Table structure for table `venue`
--

CREATE TABLE `venue` (
  `id` int(11) NOT NULL,
  `tenant_id` int(11) NOT NULL,
  `created` datetime NOT NULL,
  `created_by` int(11) NOT NULL,
  `status` int(11) NOT NULL,
  `venue_name` tinytext NOT NULL,
  `address_id` int(11) NOT NULL,
  `email_address` tinytext NOT NULL,
  `manager_id` int(11) NOT NULL
) ENGINE=InnoDB DEFAULT CHARSET=utf8mb4;

--
-- Dumping data for table `venue`
--

INSERT INTO `venue` (`id`, `tenant_id`, `created`, `created_by`, `status`, `venue_name`, `address_id`, `email_address`, `manager_id`) VALUES
(1, 1, '2020-04-23 05:12:34', 1, 1, 'Kendal', 6, 'kendal@company.co.uk', 1),
(2, 1, '2020-04-23 05:14:04', 1, 1, 'lancaster', 6, 'perithl@company.co.uk', 1),
(32, 2, '2020-04-23 05:14:04', 1, 1, 'Barrow', 6, 'barrow@company.co.uk', 1);

-- --------------------------------------------------------

--
-- Table structure for table `venue_department`
--

CREATE TABLE `venue_department` (
  `id` int(11) NOT NULL,
  `tenant_id` int(11) NOT NULL,
  `created` datetime NOT NULL,
  `created_by` int(11) NOT NULL,
  `status` tinyint(4) NOT NULL,
  `venue_id` int(11) NOT NULL,
  `department_name` tinytext NOT NULL
) ENGINE=InnoDB DEFAULT CHARSET=utf8mb4;

-- --------------------------------------------------------

--
-- Table structure for table `view_language`
--

CREATE TABLE `view_language` (
  `id` int(11) NOT NULL,
  `tenant_id` int(11) NOT NULL,
  `created` datetime NOT NULL,
  `created_by` int(11) NOT NULL,
  `status` tinyint(4) NOT NULL
) ENGINE=InnoDB DEFAULT CHARSET=utf8mb4;

--
-- Indexes for dumped tables
--

--
-- Indexes for table `access_rights`
--
ALTER TABLE `access_rights`
  ADD PRIMARY KEY (`id`);

--
-- Indexes for table `collection_type`
--
ALTER TABLE `collection_type`
  ADD PRIMARY KEY (`id`);

--
-- Indexes for table `conversation_chat`
--
ALTER TABLE `conversation_chat`
  ADD PRIMARY KEY (`id`);

--
-- Indexes for table `conversation_header`
--
ALTER TABLE `conversation_header`
  ADD PRIMARY KEY (`id`);

--
-- Indexes for table `core_configuration`
--
ALTER TABLE `core_configuration`
  ADD PRIMARY KEY (`id`);

--
-- Indexes for table `core_tenant`
--
ALTER TABLE `core_tenant`
  ADD PRIMARY KEY (`id`);

--
-- Indexes for table `core_token`
--
ALTER TABLE `core_token`
  ADD PRIMARY KEY (`id`);

--
-- Indexes for table `key_entry`
--
ALTER TABLE `key_entry`
  ADD PRIMARY KEY (`id`);

--
-- Indexes for table `key_type`
--
ALTER TABLE `key_type`
  ADD PRIMARY KEY (`id`);

--
-- Indexes for table `language`
--
ALTER TABLE `language`
  ADD PRIMARY KEY (`id`);

--
-- Indexes for table `logger`
--
ALTER TABLE `logger`
  ADD PRIMARY KEY (`id`);

--
-- Indexes for table `person`
--
ALTER TABLE `person`
  ADD PRIMARY KEY (`id`);

--
-- Indexes for table `ticket`
--
ALTER TABLE `ticket`
  ADD PRIMARY KEY (`id`);

--
-- Indexes for table `tp_feature`
--
ALTER TABLE `tp_feature`
  ADD PRIMARY KEY (`id`);

--
-- Indexes for table `tp_feature_test`
--
ALTER TABLE `tp_feature_test`
  ADD PRIMARY KEY (`id`);

--
-- Indexes for table `venue`
--
ALTER TABLE `venue`
  ADD PRIMARY KEY (`id`);

--
-- AUTO_INCREMENT for dumped tables
--

--
-- AUTO_INCREMENT for table `access_rights`
--
ALTER TABLE `access_rights`
  MODIFY `id` int(11) NOT NULL AUTO_INCREMENT;

--
-- AUTO_INCREMENT for table `collection_type`
--
ALTER TABLE `collection_type`
  MODIFY `id` int(11) NOT NULL AUTO_INCREMENT;

--
-- AUTO_INCREMENT for table `conversation_chat`
--
ALTER TABLE `conversation_chat`
  MODIFY `id` int(11) NOT NULL AUTO_INCREMENT, AUTO_INCREMENT=14;

--
-- AUTO_INCREMENT for table `conversation_header`
--
ALTER TABLE `conversation_header`
  MODIFY `id` int(11) NOT NULL AUTO_INCREMENT, AUTO_INCREMENT=5;

--
-- AUTO_INCREMENT for table `core_configuration`
--
ALTER TABLE `core_configuration`
  MODIFY `id` int(11) NOT NULL AUTO_INCREMENT;

--
-- AUTO_INCREMENT for table `core_token`
--
ALTER TABLE `core_token`
  MODIFY `id` int(11) NOT NULL AUTO_INCREMENT, AUTO_INCREMENT=5;

--
-- AUTO_INCREMENT for table `key_entry`
--
ALTER TABLE `key_entry`
  MODIFY `id` int(11) NOT NULL AUTO_INCREMENT, AUTO_INCREMENT=572;

--
-- AUTO_INCREMENT for table `key_type`
--
ALTER TABLE `key_type`
  MODIFY `id` int(11) NOT NULL AUTO_INCREMENT, AUTO_INCREMENT=9;

--
-- AUTO_INCREMENT for table `language`
--
ALTER TABLE `language`
  MODIFY `id` int(11) NOT NULL AUTO_INCREMENT;

--
-- AUTO_INCREMENT for table `logger`
--
ALTER TABLE `logger`
  MODIFY `id` int(11) NOT NULL AUTO_INCREMENT;

--
-- AUTO_INCREMENT for table `person`
--
ALTER TABLE `person`
  MODIFY `id` int(11) NOT NULL AUTO_INCREMENT, AUTO_INCREMENT=36;

--
-- AUTO_INCREMENT for table `tp_feature`
--
ALTER TABLE `tp_feature`
  MODIFY `id` int(11) NOT NULL AUTO_INCREMENT, AUTO_INCREMENT=32;

--
-- AUTO_INCREMENT for table `tp_feature_test`
--
ALTER TABLE `tp_feature_test`
  MODIFY `id` int(11) NOT NULL AUTO_INCREMENT, AUTO_INCREMENT=2;

--
-- AUTO_INCREMENT for table `venue`
--
ALTER TABLE `venue`
  MODIFY `id` int(11) NOT NULL AUTO_INCREMENT, AUTO_INCREMENT=33;
COMMIT;

/*!40101 SET CHARACTER_SET_CLIENT=@OLD_CHARACTER_SET_CLIENT */;
/*!40101 SET CHARACTER_SET_RESULTS=@OLD_CHARACTER_SET_RESULTS */;
/*!40101 SET COLLATION_CONNECTION=@OLD_COLLATION_CONNECTION */;
